rosbagTimestamp,task_id,step_count,who_reports,update_received_time,secs,nsecs,human_expertise,human_mood,human_trust,robot_model,human_type,action_taken_time,secs,nsecs,taken_action,belief_state,real_state,isEstimationCorrect,real_obs_received,obs_with_noise,human_observables,task_status,who_succeeded,immediate_reward,total_disc_reward
1533391397202978660,0,0,"""SENSORS""",,1533391397,202602136,'','','','','',,0,0,'','','',False,'','',[],"""FAIL""",'','',''
1533391811651659000,1,0,"""MANAGER""",,1533391811,651381196,"""beginner""","""new_normal""","""YES""",'','',,0,0,'','','',False,'','',[],"""START""",'','',''
1533391843240781911,1,6,"""SENSORS""",,1533391843,240410739,'','','','','',,0,0,'','','',False,'','',[],"""SUCCESS""","""human""",'',''
1533391854442007747,2,0,"""MANAGER""",,1533391854,441899167,"""beginner""","""new_normal""","""YES""",'',"""distracted_collaborative.POMDPx""",,0,0,'','','',False,'','',[],"""START""",'','',''
1533391864325715797,2,1,"""SENSORS""",,1533391864,325561782,'','','','','',,0,0,'','','',False,'','',[],"""SUCCESS""","""human""",'',''
1533391875488817367,3,0,"""MANAGER""",,1533391875,488530249,"""beginner""","""new_normal""","""YES""",'',"""distracted_collaborative.POMDPx""",,0,0,'','','',False,'','',[],"""START""",'','',''
1533391917497762354,3,13,"""SENSORS""",,1533391917,497275911,'','','','','',,0,0,'','','',False,'','',[],"""FAIL""",'','',''
1533391925712085122,4,0,"""MANAGER""",,1533391925,711845293,"""beginner""","""new_normal""","""YES""",'',"""distracted_collaborative.POMDPx""",,0,0,'','','',False,'','',[],"""START""",'','',''
1533391932069228888,4,1,"""SENSORS""",,1533391932,68912557,'','','','','',,0,0,'','','',False,'','',[],"""SUCCESS""","""human""",'',''
1533391943220411077,5,0,"""MANAGER""",,1533391943,220100738,"""beginner""","""new_normal""","""YES""",'',"""distracted_collaborative.POMDPx""",,0,0,'','','',False,'','',[],"""START""",'','',''
1533391949559482407,5,1,"""SENSORS""",,1533391949,559139355,'','','','','',,0,0,'','','',False,'','',[],"""SUCCESS""","""human""",'',''
1533391960722989499,6,0,"""MANAGER""",,1533391960,722829454,"""beginner""","""new_normal""","""YES""",'',"""distracted_collaborative.POMDPx""",,0,0,'','','',False,'','',[],"""START""",'','',''
1533392002728477797,6,12,"""SENSORS""",,1533392002,728243869,'','','','','',,0,0,'','','',False,'','',[],"""FAIL""",'','',''
1533392013280758687,7,0,"""MANAGER""",,1533392013,280539021,"""beginner""","""new_normal""","""YES""",'',"""distracted_collaborative.POMDPx""",,0,0,'','','',False,'','',[],"""START""",'','',''
1533392019641383658,7,1,"""SENSORS""",,1533392019,641074765,'','','','','',,0,0,'','','',False,'','',[],"""SUCCESS""","""human""",'',''
1533392030800117857,8,0,"""MANAGER""",,1533392030,799852697,"""beginner""","""new_normal""","""YES""",'',"""distracted_collaborative.POMDPx""",,0,0,'','','',False,'','',[],"""START""",'','',''
1533392072811753119,8,11,"""SENSORS""",,1533392072,811401978,'','','','','',,0,0,'','','',False,'','',[],"""SUCCESS""","""human""",'',''
1533392081767482651,9,0,"""MANAGER""",,1533392081,767113082,"""beginner""","""new_normal""","""YES""",'',"""distracted_collaborative.POMDPx""",,0,0,'','','',False,'','',[],"""START""",'','',''
1533392123773585864,9,13,"""SENSORS""",,1533392123,773279864,'','','','','',,0,0,'','','',False,'','',[],"""FAIL""",'','',''
1533392132029560355,10,0,"""MANAGER""",,1533392132,21703581,"""beginner""","""new_normal""","""YES""",'',"""distracted_collaborative.POMDPx""",,0,0,'','','',False,'','',[],"""START""",'','',''
1533392138380995208,10,1,"""SENSORS""",,1533392138,380777813,'','','','','',,0,0,'','','',False,'','',[],"""SUCCESS""","""human""",'',''
1533392149554239036,11,0,"""MANAGER""",,1533392149,553786536,"""beginner""","""new_normal""","""YES""",'',"""distracted_collaborative.POMDPx""",,0,0,'','','',False,'','',[],"""START""",'','',''
1533392195224944191,11,12,"""SENSORS""",,1533392195,224694481,'','','','','',,0,0,'','','',False,'','',[],"""FAIL""",'','',''
1533392205462587861,12,0,"""MANAGER""",,1533392205,462457448,"""beginner""","""new_normal""","""YES""",'',"""distracted_collaborative.POMDPx""",,0,0,'','','',False,'','',[],"""START""",'','',''
1533392247468814360,12,11,"""SENSORS""",,1533392247,468472831,'','','','','',,0,0,'','','',False,'','',[],"""FAIL""",'','',''
1533392259995793639,13,0,"""MANAGER""",,1533392259,995335299,"""beginner""","""new_normal""","""YES""",'',"""distracted_collaborative.POMDPx""",,0,0,'','','',False,'','',[],"""START""",'','',''
1533392280964140176,13,5,"""SENSORS""",,1533392280,963909817,'','','','','',,0,0,'','','',False,'','',[],"""SUCCESS""","""human""",'',''
1533392292166439923,14,0,"""MANAGER""",,1533392292,166201755,"""beginner""","""new_normal""","""YES""",'',"""distracted_collaborative.POMDPx""",,0,0,'','','',False,'','',[],"""START""",'','',''
1533392304377036667,14,2,"""SENSORS""",,1533392304,376689280,'','','','','',,0,0,'','','',False,'','',[],"""SUCCESS""","""human""",'',''
1533392315540595774,15,0,"""MANAGER""",,1533392315,540357973,"""beginner""","""new_normal""","""YES""",'',"""distracted_collaborative.POMDPx""",,0,0,'','','',False,'','',[],"""START""",'','',''
1533392331607840824,15,4,"""SENSORS""",,1533392331,607552584,'','','','','',,0,0,'','','',False,'','',[],"""SUCCESS""","""human""",'',''
1533392342848055064,16,0,"""MANAGER""",,1533392342,847847242,"""beginner""","""new_normal""","""YES""",'',"""distracted_collaborative.POMDPx""",,0,0,'','','',False,'','',[],"""START""",'','',''
1533392364654537656,17,0,"""MANAGER""",,1533392364,654126587,"""beginner""","""new_normal""","""YES""",'',"""distracted_collaborative.POMDPx""",,0,0,'','','',False,'','',[],"""START""",'','',''
1533392406664906996,17,10,"""SENSORS""",,1533392406,664208044,'','','','','',,0,0,'','','',False,'','',[],"""FAIL""",'','',''
1533392416465399004,18,0,"""MANAGER""",,1533392416,454399930,"""beginner""","""new_normal""","""YES""",'',"""distracted_collaborative.POMDPx""",,0,0,'','','',False,'','',[],"""START""",'','',''
1533392422827265956,18,1,"""SENSORS""",,1533392422,826946940,'','','','','',,0,0,'','','',False,'','',[],"""SUCCESS""","""human""",'',''
1533392433992015398,19,0,"""MANAGER""",,1533392433,991648561,"""beginner""","""new_normal""","""YES""",'',"""distracted_collaborative.POMDPx""",,0,0,'','','',False,'','',[],"""START""",'','',''
1533392476001650341,19,12,"""SENSORS""",,1533392476,1177655,'','','','','',,0,0,'','','',False,'','',[],"""FAIL""",'','',''
1533392485789127461,20,0,"""MANAGER""",,1533392485,788856420,"""beginner""","""new_normal""","""YES""",'',"""distracted_collaborative.POMDPx""",,0,0,'','','',False,'','',[],"""START""",'','',''
1533392492166064110,20,1,"""SENSORS""",,1533392492,165245666,'','','','','',,0,0,'','','',False,'','',[],"""SUCCESS""","""human""",'',''
1533392503384777827,21,0,"""MANAGER""",,1533392503,384513266,"""beginner""","""new_normal""","""YES""",'',"""distracted_collaborative.POMDPx""",,0,0,'','','',False,'','',[],"""START""",'','',''
1533392513185457228,21,1,"""SENSORS""",,1533392513,185340567,'','','','','',,0,0,'','','',False,'','',[],"""SUCCESS""","""human""",'',''
1533392524371863445,22,0,"""MANAGER""",,1533392524,371108144,"""beginner""","""new_normal""","""YES""",'',"""expert_non_tired_collaborative.POMDPx""",,0,0,'','','',False,'','',[],"""START""",'','',''
1533392544730797729,22,4,"""SENSORS""",,1533392544,730637763,'','','','','',,0,0,'','','',False,'','',[],"""SUCCESS""","""human""",'',''
1533392555874863437,23,0,"""MANAGER""",,1533392555,874737682,"""beginner""","""new_normal""","""YES""",'',"""expert_non_tired_collaborative.POMDPx""",,0,0,'','','',False,'','',[],"""START""",'','',''
1533392562240839328,23,1,"""SENSORS""",,1533392562,240558148,'','','','','',,0,0,'','','',False,'','',[],"""SUCCESS""","""human""",'',''
1533392573398246365,24,0,"""MANAGER""",,1533392573,397624158,"""beginner""","""new_normal""","""YES""",'',"""expert_non_tired_collaborative.POMDPx""",,0,0,'','','',False,'','',[],"""START""",'','',''
1533392582308184263,24,2,"""SENSORS""",,1533392582,307889467,'','','','','',,0,0,'','','',False,'','',[],"""SUCCESS""","""human""",'',''
1533392593490992844,25,0,"""MANAGER""",,1533392593,490869762,"""beginner""","""new_normal""","""YES""",'',"""expert_non_tired_collaborative.POMDPx""",,0,0,'','','',False,'','',[],"""START""",'','',''
1533392599847211924,25,1,"""SENSORS""",,1533392599,846958703,'','','','','',,0,0,'','','',False,'','',[],"""SUCCESS""","""human""",'',''
1533392611003126178,26,0,"""MANAGER""",,1533392611,2740752,"""beginner""","""new_normal""","""YES""",'',"""expert_non_tired_collaborative.POMDPx""",,0,0,'','','',False,'','',[],"""START""",'','',''
1533392619958283501,26,2,"""SENSORS""",,1533392619,958019295,'','','','','',,0,0,'','','',False,'','',[],"""SUCCESS""","""human""",'',''
1533392631125868028,27,0,"""MANAGER""",,1533392631,125738998,"""beginner""","""new_normal""","""YES""",'',"""expert_non_tired_collaborative.POMDPx""",,0,0,'','','',False,'','',[],"""START""",'','',''
1533392647103753765,27,5,"""SENSORS""",,1533392647,103489465,'','','','','',,0,0,'','','',False,'','',[],"""SUCCESS""","""human""",'',''
1533392658317661819,28,0,"""MANAGER""",,1533392658,316972738,"""beginner""","""new_normal""","""YES""",'',"""expert_non_tired_collaborative.POMDPx""",,0,0,'','','',False,'','',[],"""START""",'','',''
1533392669552992175,28,3,"""SENSORS""",,1533392669,552665711,'','','','','',,0,0,'','','',False,'','',[],"""SUCCESS""","""human""",'',''
1533392680726909301,29,0,"""MANAGER""",,1533392680,726562088,"""beginner""","""new_normal""","""YES""",'',"""expert_non_tired_collaborative.POMDPx""",,0,0,'','','',False,'','',[],"""START""",'','',''
1533392689716828659,29,2,"""SENSORS""",,1533392689,716646175,'','','','','',,0,0,'','','',False,'','',[],"""SUCCESS""","""human""",'',''
1533392700898137802,30,0,"""MANAGER""",,1533392700,897939397,"""beginner""","""new_normal""","""YES""",'',"""expert_non_tired_collaborative.POMDPx""",,0,0,'','','',False,'','',[],"""START""",'','',''
1533392720422736023,30,4,"""SENSORS""",,1533392720,422518202,'','','','','',,0,0,'','','',False,'','',[],"""SUCCESS""","""human""",'',''
1533392731628921935,31,0,"""MANAGER""",,1533392731,627720051,"""beginner""","""new_normal""","""YES""",'',"""expert_non_tired_collaborative.POMDPx""",,0,0,'','','',False,'','',[],"""START""",'','',''
1533392737974468672,31,1,"""SENSORS""",,1533392737,974225350,'','','','','',,0,0,'','','',False,'','',[],"""SUCCESS""","""human""",'',''
1533392749135550547,32,0,"""MANAGER""",,1533392749,135421361,"""beginner""","""new_normal""","""YES""",'',"""expert_non_tired_collaborative.POMDPx""",,0,0,'','','',False,'','',[],"""START""",'','',''
1533392758142507738,32,2,"""SENSORS""",,1533392758,142261402,'','','','','',,0,0,'','','',False,'','',[],"""SUCCESS""","""human""",'',''
1533392769300795741,33,0,"""MANAGER""",,1533392769,300613350,"""beginner""","""new_normal""","""YES""",'',"""expert_non_tired_collaborative.POMDPx""",,0,0,'','','',False,'','',[],"""START""",'','',''
1533392783033391866,33,4,"""SENSORS""",,1533392783,33146136,'','','','','',,0,0,'','','',False,'','',[],"""SUCCESS""","""human""",'',''
1533392794185697026,34,0,"""MANAGER""",,1533392794,185565447,"""beginner""","""new_normal""","""YES""",'',"""expert_non_tired_collaborative.POMDPx""",,0,0,'','','',False,'','',[],"""START""",'','',''
1533392802899513711,34,2,"""SENSORS""",,1533392802,899219235,'','','','','',,0,0,'','','',False,'','',[],"""SUCCESS""","""human""",'',''
1533392814073459019,35,0,"""MANAGER""",,1533392814,73256688,"""beginner""","""new_normal""","""YES""",'',"""expert_non_tired_collaborative.POMDPx""",,0,0,'','','',False,'','',[],"""START""",'','',''
1533392820441292243,35,1,"""SENSORS""",,1533392820,440972521,'','','','','',,0,0,'','','',False,'','',[],"""SUCCESS""","""human""",'',''
1533392831590057217,36,0,"""MANAGER""",,1533392831,589841632,"""beginner""","""new_normal""","""YES""",'',"""expert_non_tired_collaborative.POMDPx""",,0,0,'','','',False,'','',[],"""START""",'','',''
1533392837964906373,36,1,"""SENSORS""",,1533392837,964603429,'','','','','',,0,0,'','','',False,'','',[],"""SUCCESS""","""human""",'',''
1533392849135088181,37,0,"""MANAGER""",,1533392849,134590767,"""beginner""","""new_normal""","""YES""",'',"""expert_non_tired_collaborative.POMDPx""",,0,0,'','','',False,'','',[],"""START""",'','',''
1533392855490075135,37,1,"""SENSORS""",,1533392855,489835283,'','','','','',,0,0,'','','',False,'','',[],"""SUCCESS""","""human""",'',''
1533392866640240385,38,0,"""MANAGER""",,1533392866,640027255,"""beginner""","""new_normal""","""YES""",'',"""expert_non_tired_collaborative.POMDPx""",,0,0,'','','',False,'','',[],"""START""",'','',''
1533392875381862186,38,2,"""SENSORS""",,1533392875,381605504,'','','','','',,0,0,'','','',False,'','',[],"""SUCCESS""","""human""",'',''
1533392886535356014,39,0,"""MANAGER""",,1533392886,534991683,"""beginner""","""new_normal""","""YES""",'',"""expert_non_tired_collaborative.POMDPx""",,0,0,'','','',False,'','',[],"""START""",'','',''
1533392892916382946,39,1,"""SENSORS""",,1533392892,916063764,'','','','','',,0,0,'','','',False,'','',[],"""SUCCESS""","""human""",'',''
1533392904072530754,40,0,"""MANAGER""",,1533392904,72113803,"""beginner""","""new_normal""","""YES""",'',"""expert_non_tired_collaborative.POMDPx""",,0,0,'','','',False,'','',[],"""START""",'','',''
1533392910431790469,40,1,"""SENSORS""",,1533392910,431475126,'','','','','',,0,0,'','','',False,'','',[],"""SUCCESS""","""human""",'',''
1533392921580796871,41,0,"""MANAGER""",,1533392921,580598352,"""beginner""","""new_normal""","""YES""",'',"""expert_non_tired_collaborative.POMDPx""",,0,0,'','','',False,'','',[],"""START""",'','',''
1533392939236761656,41,3,"""SENSORS""",,1533392939,236498659,'','','','','',,0,0,'','','',False,'','',[],"""SUCCESS""","""human""",'',''
1533392950423635079,42,0,"""MANAGER""",,1533392950,423198362,"""beginner""","""new_normal""","""YES""",'',"""expert_non_tired_non_collaborative.POMDPx""",,0,0,'','','',False,'','',[],"""START""",'','',''
1533392959363104825,42,2,"""SENSORS""",,1533392959,362783809,'','','','','',,0,0,'','','',False,'','',[],"""SUCCESS""","""human""",'',''
1533392970548982039,43,0,"""MANAGER""",,1533392970,548809854,"""beginner""","""new_normal""","""YES""",'',"""expert_non_tired_non_collaborative.POMDPx""",,0,0,'','','',False,'','',[],"""START""",'','',''
1533392976927074785,43,1,"""SENSORS""",,1533392976,926862371,'','','','','',,0,0,'','','',False,'','',[],"""SUCCESS""","""human""",'',''
1533392988099450965,44,0,"""MANAGER""",,1533392988,99089060,"""beginner""","""new_normal""","""YES""",'',"""expert_non_tired_non_collaborative.POMDPx""",,0,0,'','','',False,'','',[],"""START""",'','',''
1533392996823433313,44,2,"""SENSORS""",,1533392996,823253916,'','','','','',,0,0,'','','',False,'','',[],"""SUCCESS""","""human""",'',''
1533393008016111548,45,0,"""MANAGER""",,1533393008,15961780,"""beginner""","""new_normal""","""YES""",'',"""expert_non_tired_non_collaborative.POMDPx""",,0,0,'','','',False,'','',[],"""START""",'','',''
1533393016746604527,45,2,"""SENSORS""",,1533393016,746374435,'','','','','',,0,0,'','','',False,'','',[],"""SUCCESS""","""human""",'',''
1533393027953458877,46,0,"""MANAGER""",,1533393027,953111925,"""beginner""","""new_normal""","""YES""",'',"""expert_non_tired_non_collaborative.POMDPx""",,0,0,'','','',False,'','',[],"""START""",'','',''
1533393036865604458,46,2,"""SENSORS""",,1533393036,865335917,'','','','','',,0,0,'','','',False,'','',[],"""SUCCESS""","""human""",'',''
1533393048029370429,47,0,"""MANAGER""",,1533393048,29185443,"""beginner""","""new_normal""","""YES""",'',"""expert_non_tired_non_collaborative.POMDPx""",,0,0,'','','',False,'','',[],"""START""",'','',''
1533393056789915699,47,2,"""SENSORS""",,1533393056,789580074,'','','','','',,0,0,'','','',False,'','',[],"""SUCCESS""","""human""",'',''
1533393068007069510,48,0,"""MANAGER""",,1533393068,6869333,"""beginner""","""new_normal""","""YES""",'',"""expert_non_tired_non_collaborative.POMDPx""",,0,0,'','','',False,'','',[],"""START""",'','',''
1533393085707522011,48,3,"""SENSORS""",,1533393085,707331298,'','','','','',,0,0,'','','',False,'','',[],"""SUCCESS""","""human""",'',''
1533393097112492297,49,0,"""MANAGER""",,1533393097,112356148,"""beginner""","""new_normal""","""YES""",'',"""expert_non_tired_non_collaborative.POMDPx""",,0,0,'','','',False,'','',[],"""START""",'','',''
1533393103477635601,49,1,"""SENSORS""",,1533393103,477487155,'','','','','',,0,0,'','','',False,'','',[],"""SUCCESS""","""human""",'',''
1533393114654606424,50,0,"""MANAGER""",,1533393114,654450280,"""beginner""","""new_normal""","""YES""",'',"""expert_non_tired_non_collaborative.POMDPx""",,0,0,'','','',False,'','',[],"""START""",'','',''
1533393136399945433,51,0,"""MANAGER""",,1533393136,397761797,"""beginner""","""new_normal""","""YES""",'',"""expert_non_tired_non_collaborative.POMDPx""",,0,0,'','','',False,'','',[],"""START""",'','',''
1533393142764848966,51,1,"""SENSORS""",,1533393142,764504516,'','','','','',,0,0,'','','',False,'','',[],"""SUCCESS""","""human""",'',''
1533393153924318924,52,0,"""MANAGER""",,1533393153,924040691,"""beginner""","""new_normal""","""YES""",'',"""expert_non_tired_non_collaborative.POMDPx""",,0,0,'','','',False,'','',[],"""START""",'','',''
1533393162869903643,52,2,"""SENSORS""",,1533393162,869727271,'','','','','',,0,0,'','','',False,'','',[],"""SUCCESS""","""human""",'',''
1533393174039882053,53,0,"""MANAGER""",,1533393174,39764675,"""beginner""","""new_normal""","""YES""",'',"""expert_non_tired_non_collaborative.POMDPx""",,0,0,'','','',False,'','',[],"""START""",'','',''
1533393216050112655,53,15,"""SENSORS""",,1533393216,49856321,'','','','','',,0,0,'','','',False,'','',[],"""FAIL""",'','',''
1533393224232654903,54,0,"""MANAGER""",,1533393224,232370727,"""beginner""","""new_normal""","""YES""",'',"""expert_non_tired_non_collaborative.POMDPx""",,0,0,'','','',False,'','',[],"""START""",'','',''
1533393233142837361,54,2,"""SENSORS""",,1533393233,142531395,'','','','','',,0,0,'','','',False,'','',[],"""SUCCESS""","""human""",'',''
1533393244294177548,55,0,"""MANAGER""",,1533393244,294019439,"""beginner""","""new_normal""","""YES""",'',"""expert_non_tired_non_collaborative.POMDPx""",,0,0,'','','',False,'','',[],"""START""",'','',''
1533393253258001229,55,2,"""SENSORS""",,1533393253,257710698,'','','','','',,0,0,'','','',False,'','',[],"""SUCCESS""","""human""",'',''
1533393264408059665,56,0,"""MANAGER""",,1533393264,407650945,"""beginner""","""new_normal""","""YES""",'',"""expert_non_tired_non_collaborative.POMDPx""",,0,0,'','','',False,'','',[],"""START""",'','',''
1533393275718513501,56,3,"""SENSORS""",,1533393275,718212055,'','','','','',,0,0,'','','',False,'','',[],"""SUCCESS""","""human""",'',''
1533393286892240531,57,0,"""MANAGER""",,1533393286,892102870,"""beginner""","""new_normal""","""YES""",'',"""expert_non_tired_non_collaborative.POMDPx""",,0,0,'','','',False,'','',[],"""START""",'','',''
1533393293254887598,57,1,"""SENSORS""",,1533393293,254575287,'','','','','',,0,0,'','','',False,'','',[],"""SUCCESS""","""human""",'',''
1533393304417995022,58,0,"""MANAGER""",,1533393304,415432551,"""beginner""","""new_normal""","""YES""",'',"""expert_non_tired_non_collaborative.POMDPx""",,0,0,'','','',False,'','',[],"""START""",'','',''
1533393310799763086,58,1,"""SENSORS""",,1533393310,799508909,'','','','','',,0,0,'','','',False,'','',[],"""SUCCESS""","""human""",'',''
1533393321974936320,59,0,"""MANAGER""",,1533393321,974690886,"""beginner""","""new_normal""","""YES""",'',"""expert_non_tired_non_collaborative.POMDPx""",,0,0,'','','',False,'','',[],"""START""",'','',''
1533393330660479285,59,2,"""SENSORS""",,1533393330,660139867,'','','','','',,0,0,'','','',False,'','',[],"""SUCCESS""","""human""",'',''
1533393341801241525,60,0,"""MANAGER""",,1533393341,801123276,"""beginner""","""new_normal""","""YES""",'',"""expert_non_tired_non_collaborative.POMDPx""",,0,0,'','','',False,'','',[],"""START""",'','',''
1533393350526549111,60,2,"""SENSORS""",,1533393350,526231989,'','','','','',,0,0,'','','',False,'','',[],"""SUCCESS""","""human""",'',''
1533393361722361043,61,0,"""MANAGER""",,1533393361,721991846,"""beginner""","""new_normal""","""YES""",'',"""expert_non_tired_non_collaborative.POMDPx""",,0,0,'','','',False,'','',[],"""START""",'','',''
1533393403730219507,61,14,"""SENSORS""",,1533393403,729679229,'','','','','',,0,0,'','','',False,'','',[],"""FAIL""",'','',''
1533393418004723557,62,0,"""MANAGER""",,1533393418,4293440,"""beginner""","""new_normal""","""YES""",'',"""beginner_tired_non_collaborative.POMDPx""",,0,0,'','','',False,'','',[],"""START""",'','',''
1533393460017872143,62,16,"""SENSORS""",,1533393460,17603105,'','','','','',,0,0,'','','',False,'','',[],"""FAIL""",'','',''
1533393473256659378,63,0,"""MANAGER""",,1533393473,256402545,"""beginner""","""new_normal""","""YES""",'',"""beginner_tired_non_collaborative.POMDPx""",,0,0,'','','',False,'','',[],"""START""",'','',''
1533393515265219812,63,16,"""SENSORS""",,1533393515,264940427,'','','','','',,0,0,'','','',False,'','',[],"""FAIL""",'','',''
1533393528452514884,64,0,"""MANAGER""",,1533393528,452377347,"""beginner""","""new_normal""","""YES""",'',"""beginner_tired_non_collaborative.POMDPx""",,0,0,'','','',False,'','',[],"""START""",'','',''
1533393570461378447,64,16,"""SENSORS""",,1533393570,460571244,'','','','','',,0,0,'','','',False,'','',[],"""FAIL""",'','',''
1533393584736101526,65,0,"""MANAGER""",,1533393584,735835465,"""beginner""","""new_normal""","""YES""",'',"""beginner_tired_non_collaborative.POMDPx""",,0,0,'','','',False,'','',[],"""START""",'','',''
1533393626743201619,65,16,"""SENSORS""",,1533393626,742879779,'','','','','',,0,0,'','','',False,'','',[],"""FAIL""",'','',''
1533393639944466536,66,0,"""MANAGER""",,1533393639,943551079,"""beginner""","""new_normal""","""YES""",'',"""beginner_tired_non_collaborative.POMDPx""",,0,0,'','','',False,'','',[],"""START""",'','',''
1533393681954197264,66,16,"""SENSORS""",,1533393681,953847938,'','','','','',,0,0,'','','',False,'','',[],"""FAIL""",'','',''
1533393696196291819,67,0,"""MANAGER""",,1533393696,196021944,"""beginner""","""new_normal""","""YES""",'',"""beginner_tired_non_collaborative.POMDPx""",,0,0,'','','',False,'','',[],"""START""",'','',''
1533393738204105374,67,16,"""SENSORS""",,1533393738,203820377,'','','','','',,0,0,'','','',False,'','',[],"""FAIL""",'','',''
1533393752483407237,68,0,"""MANAGER""",,1533393752,483286221,"""beginner""","""new_normal""","""YES""",'',"""beginner_tired_non_collaborative.POMDPx""",,0,0,'','','',False,'','',[],"""START""",'','',''
1533393794490248420,68,16,"""SENSORS""",,1533393794,489913206,'','','','','',,0,0,'','','',False,'','',[],"""FAIL""",'','',''
1533393807675640249,69,0,"""MANAGER""",,1533393807,675467825,"""beginner""","""new_normal""","""YES""",'',"""beginner_tired_non_collaborative.POMDPx""",,0,0,'','','',False,'','',[],"""START""",'','',''
1533393849684061552,69,16,"""SENSORS""",,1533393849,683819409,'','','','','',,0,0,'','','',False,'','',[],"""FAIL""",'','',''
1533393863957897374,70,0,"""MANAGER""",,1533393863,957777239,"""beginner""","""new_normal""","""YES""",'',"""beginner_tired_non_collaborative.POMDPx""",,0,0,'','','',False,'','',[],"""START""",'','',''
1533393905964837916,70,0,"""SENSORS""",,1533393905,964715474,'','','','','',,0,0,'','','',False,'','',[],"""FAIL""",'','',''
1533394323026310371,71,0,"""MANAGER""",,1533394323,26176837,"""beginner""","""new_normal""","""YES""",'',"""beginner_tired_non_collaborative.POMDPx""",,0,0,'','','',False,'','',[],"""START""",'','',''
1533394365034720154,71,18,"""SENSORS""",,1533394365,34247444,'','','','','',,0,0,'','','',False,'','',[],"""FAIL""",'','',''
1533394379577174329,72,0,"""MANAGER""",,1533394379,576982169,"""beginner""","""new_normal""","""YES""",'',"""beginner_tired_non_collaborative.POMDPx""",,0,0,'','','',False,'','',[],"""START""",'','',''
1533394386422692835,73,0,"""MANAGER""",,1533394386,422286099,"""beginner""","""new_normal""","""YES""",'',"""beginner_tired_non_collaborative.POMDPx""",,0,0,'','','',False,'','',[],"""START""",'','',''
1533394428430501917,73,18,"""SENSORS""",,1533394428,430207388,'','','','','',,0,0,'','','',False,'','',[],"""FAIL""",'','',''
1533394444046498368,74,0,"""MANAGER""",,1533394444,46216984,"""beginner""","""new_normal""","""YES""",'',"""beginner_tired_non_collaborative.POMDPx""",,0,0,'','','',False,'','',[],"""START""",'','',''
1533394450901603049,75,0,"""MANAGER""",,1533394450,901452855,"""beginner""","""new_normal""","""YES""",'',"""beginner_tired_non_collaborative.POMDPx""",,0,0,'','','',False,'','',[],"""START""",'','',''
1533394492910866426,75,20,"""SENSORS""",,1533394492,910296201,'','','','','',,0,0,'','','',False,'','',[],"""FAIL""",'','',''
1533394508518031097,76,0,"""MANAGER""",,1533394508,517873483,"""beginner""","""new_normal""","""YES""",'',"""beginner_tired_non_collaborative.POMDPx""",,0,0,'','','',False,'','',[],"""START""",'','',''
1533394515361195611,77,0,"""MANAGER""",,1533394515,353186428,"""beginner""","""new_normal""","""YES""",'',"""beginner_tired_non_collaborative.POMDPx""",,0,0,'','','',False,'','',[],"""START""",'','',''
1533394557384780976,77,20,"""SENSORS""",,1533394557,384457041,'','','','','',,0,0,'','','',False,'','',[],"""FAIL""",'','',''
1533394573005373210,78,0,"""MANAGER""",,1533394573,4861488,"""beginner""","""new_normal""","""YES""",'',"""beginner_tired_non_collaborative.POMDPx""",,0,0,'','','',False,'','',[],"""START""",'','',''
1533394579864477772,79,0,"""MANAGER""",,1533394579,861402602,"""beginner""","""new_normal""","""YES""",'',"""beginner_tired_non_collaborative.POMDPx""",,0,0,'','','',False,'','',[],"""START""",'','',''
1533394621873695681,79,20,"""SENSORS""",,1533394621,872931684,'','','','','',,0,0,'','','',False,'','',[],"""FAIL""",'','',''
1533394637463756643,80,0,"""MANAGER""",,1533394637,463476129,"""beginner""","""new_normal""","""YES""",'',"""beginner_tired_non_collaborative.POMDPx""",,0,0,'','','',False,'','',[],"""START""",'','',''
1533394644302163729,81,0,"""MANAGER""",,1533394644,301497686,"""beginner""","""new_normal""","""YES""",'',"""beginner_tired_non_collaborative.POMDPx""",,0,0,'','','',False,'','',[],"""START""",'','',''
1533394686310067236,81,20,"""SENSORS""",,1533394686,309749773,'','','','','',,0,0,'','','',False,'','',[],"""FAIL""",'','',''
1533394701882480312,82,0,"""MANAGER""",,1533394701,882330707,"""beginner""","""new_normal""","""YES""",'',"""beginner_tired_collaborative.POMDPx""",,0,0,'','','',False,'','',[],"""START""",'','',''
1533394708729740636,83,0,"""MANAGER""",,1533394708,729513703,"""beginner""","""new_normal""","""YES""",'',"""beginner_tired_collaborative.POMDPx""",,0,0,'','','',False,'','',[],"""START""",'','',''
1533394750738307109,83,20,"""SENSORS""",,1533394750,737385227,'','','','','',,0,0,'','','',False,'','',[],"""FAIL""",'','',''
1533394766355605972,84,0,"""MANAGER""",,1533394766,351199457,"""beginner""","""new_normal""","""YES""",'',"""beginner_tired_collaborative.POMDPx""",,0,0,'','','',False,'','',[],"""START""",'','',''
1533394773180595951,85,0,"""MANAGER""",,1533394773,180174009,"""beginner""","""new_normal""","""YES""",'',"""beginner_tired_collaborative.POMDPx""",,0,0,'','','',False,'','',[],"""START""",'','',''
1533394815187855584,85,20,"""SENSORS""",,1533394815,187593600,'','','','','',,0,0,'','','',False,'','',[],"""FAIL""",'','',''
1533394830828578980,86,0,"""MANAGER""",,1533394830,828371425,"""beginner""","""new_normal""","""YES""",'',"""beginner_tired_collaborative.POMDPx""",,0,0,'','','',False,'','',[],"""START""",'','',''
1533394837689690995,87,0,"""MANAGER""",,1533394837,689544231,"""beginner""","""new_normal""","""YES""",'',"""beginner_tired_collaborative.POMDPx""",,0,0,'','','',False,'','',[],"""START""",'','',''
1533394879694816790,87,20,"""SENSORS""",,1533394879,694321426,'','','','','',,0,0,'','','',False,'','',[],"""FAIL""",'','',''
1533394895270655399,88,0,"""MANAGER""",,1533394895,269430200,"""beginner""","""new_normal""","""YES""",'',"""beginner_tired_collaborative.POMDPx""",,0,0,'','','',False,'','',[],"""START""",'','',''
1533394902144843871,89,0,"""MANAGER""",,1533394902,144609470,"""beginner""","""new_normal""","""YES""",'',"""beginner_tired_collaborative.POMDPx""",,0,0,'','','',False,'','',[],"""START""",'','',''
1533394944152354399,89,20,"""SENSORS""",,1533394944,152066602,'','','','','',,0,0,'','','',False,'','',[],"""FAIL""",'','',''
1533394959742771973,90,0,"""MANAGER""",,1533394959,742032698,"""beginner""","""new_normal""","""YES""",'',"""beginner_tired_collaborative.POMDPx""",,0,0,'','','',False,'','',[],"""START""",'','',''
1533394966606394861,91,0,"""MANAGER""",,1533394966,606233567,"""beginner""","""new_normal""","""YES""",'',"""beginner_tired_collaborative.POMDPx""",,0,0,'','','',False,'','',[],"""START""",'','',''
1533395008611216861,91,20,"""SENSORS""",,1533395008,610829335,'','','','','',,0,0,'','','',False,'','',[],"""FAIL""",'','',''
1533395024234922974,92,0,"""MANAGER""",,1533395024,234798236,"""beginner""","""new_normal""","""YES""",'',"""beginner_tired_collaborative.POMDPx""",,0,0,'','','',False,'','',[],"""START""",'','',''
1533395031086528156,93,0,"""MANAGER""",,1533395031,73071350,"""beginner""","""new_normal""","""YES""",'',"""beginner_tired_collaborative.POMDPx""",,0,0,'','','',False,'','',[],"""START""",'','',''
1533395073086564843,93,10,"""SENSORS""",,1533395073,81755736,'','','','','',,0,0,'','','',False,'','',[],"""FAIL""",'','',''
1533395082578533262,94,0,"""MANAGER""",,1533395082,578364586,"""beginner""","""new_normal""","""YES""",'',"""beginner_tired_collaborative.POMDPx""",,0,0,'','','',False,'','',[],"""START""",'','',''
1533395089428853206,95,0,"""MANAGER""",,1533395089,428651373,"""beginner""","""new_normal""","""YES""",'',"""beginner_tired_collaborative.POMDPx""",,0,0,'','','',False,'','',[],"""START""",'','',''
1533395131438051643,95,19,"""SENSORS""",,1533395131,437653192,'','','','','',,0,0,'','','',False,'','',[],"""FAIL""",'','',''
1533395154013293875,96,0,"""MANAGER""",,1533395154,13130310,"""beginner""","""new_normal""","""YES""",'',"""beginner_tired_collaborative.POMDPx""",,0,0,'','','',False,'','',[],"""START""",'','',''
1533395196022015892,96,16,"""SENSORS""",,1533395196,21630202,'','','','','',,0,0,'','','',False,'','',[],"""FAIL""",'','',''
1533395210310920083,97,0,"""MANAGER""",,1533395210,310795409,"""beginner""","""new_normal""","""YES""",'',"""beginner_tired_collaborative.POMDPx""",,0,0,'','','',False,'','',[],"""START""",'','',''
1533395252318986991,97,16,"""SENSORS""",,1533395252,318736007,'','','','','',,0,0,'','','',False,'','',[],"""FAIL""",'','',''
1533395266620811590,98,0,"""MANAGER""",,1533395266,620479917,"""beginner""","""new_normal""","""YES""",'',"""beginner_tired_collaborative.POMDPx""",,0,0,'','','',False,'','',[],"""START""",'','',''
1533395308628633845,98,16,"""SENSORS""",,1533395308,628439281,'','','','','',,0,0,'','','',False,'','',[],"""FAIL""",'','',''
1533395322910601223,99,0,"""MANAGER""",,1533395322,910448381,"""beginner""","""new_normal""","""YES""",'',"""beginner_tired_collaborative.POMDPx""",,0,0,'','','',False,'','',[],"""START""",'','',''
1533395364921414776,99,16,"""SENSORS""",,1533395364,920608927,'','','','','',,0,0,'','','',False,'','',[],"""FAIL""",'','',''
1533395379197034809,100,0,"""MANAGER""",,1533395379,196581579,"""beginner""","""new_normal""","""YES""",'',"""beginner_tired_collaborative.POMDPx""",,0,0,'','','',False,'','',[],"""START""",'','',''
1533395421205646504,100,16,"""SENSORS""",,1533395421,205166331,'','','','','',,0,0,'','','',False,'','',[],"""FAIL""",'','',''
1533395434442348046,101,0,"""MANAGER""",,1533395434,441828337,"""beginner""","""new_normal""","""YES""",'',"""beginner_tired_collaborative.POMDPx""",,0,0,'','','',False,'','',[],"""START""",'','',''
1533395476449923949,101,15,"""SENSORS""",,1533395476,449560601,'','','','','',,0,0,'','','',False,'','',[],"""FAIL""",'','',''
1533395489642495212,102,0,"""MANAGER""",,1533395489,642156406,"""beginner""","""new_normal""","""YES""",'',"""beginner_non_tired_non_collaborative.POMDPx""",,0,0,'','','',False,'','',[],"""START""",'','',''
1533395531649016694,102,16,"""SENSORS""",,1533395531,648510950,'','','','','',,0,0,'','','',False,'','',[],"""FAIL""",'','',''
1533395544881843189,103,0,"""MANAGER""",,1533395544,881200371,"""beginner""","""new_normal""","""YES""",'',"""beginner_non_tired_non_collaborative.POMDPx""",,0,0,'','','',False,'','',[],"""START""",'','',''
1533395586888503439,103,16,"""SENSORS""",,1533395586,888255992,'','','','','',,0,0,'','','',False,'','',[],"""FAIL""",'','',''
1533395598393349530,104,0,"""MANAGER""",,1533395598,393093832,"""beginner""","""new_normal""","""YES""",'',"""beginner_non_tired_non_collaborative.POMDPx""",,0,0,'','','',False,'','',[],"""START""",'','',''
1533395640400778657,104,16,"""SENSORS""",,1533395640,400419501,'','','','','',,0,0,'','','',False,'','',[],"""FAIL""",'','',''
1533395648623732862,105,0,"""MANAGER""",,1533395648,623592986,"""beginner""","""new_normal""","""YES""",'',"""beginner_non_tired_non_collaborative.POMDPx""",,0,0,'','','',False,'','',[],"""START""",'','',''
1533395690631467164,105,16,"""SENSORS""",,1533395690,631066476,'','','','','',,0,0,'','','',False,'','',[],"""FAIL""",'','',''
1533395703869292851,106,0,"""MANAGER""",,1533395703,868417039,"""beginner""","""new_normal""","""YES""",'',"""beginner_non_tired_non_collaborative.POMDPx""",,0,0,'','','',False,'','',[],"""START""",'','',''
1533395745888329649,106,16,"""SENSORS""",,1533395745,887922697,'','','','','',,0,0,'','','',False,'','',[],"""FAIL""",'','',''
1533395754284420223,107,0,"""MANAGER""",,1533395754,283953062,"""beginner""","""new_normal""","""YES""",'',"""beginner_non_tired_non_collaborative.POMDPx""",,0,0,'','','',False,'','',[],"""START""",'','',''
1533395796292884378,107,16,"""SENSORS""",,1533395796,292525249,'','','','','',,0,0,'','','',False,'','',[],"""FAIL""",'','',''
1533395804523897544,108,0,"""MANAGER""",,1533395804,523350488,"""beginner""","""new_normal""","""YES""",'',"""beginner_non_tired_non_collaborative.POMDPx""",,0,0,'','','',False,'','',[],"""START""",'','',''
1533395846530638447,108,16,"""SENSORS""",,1533395846,530351926,'','','','','',,0,0,'','','',False,'','',[],"""FAIL""",'','',''
1533395859734930199,109,0,"""MANAGER""",,1533395859,734573767,"""beginner""","""new_normal""","""YES""",'',"""beginner_non_tired_non_collaborative.POMDPx""",,0,0,'','','',False,'','',[],"""START""",'','',''
1533395901740905797,109,16,"""SENSORS""",,1533395901,740671238,'','','','','',,0,0,'','','',False,'','',[],"""FAIL""",'','',''
1533395914984884326,110,0,"""MANAGER""",,1533395914,984616055,"""beginner""","""new_normal""","""YES""",'',"""beginner_non_tired_non_collaborative.POMDPx""",,0,0,'','','',False,'','',[],"""START""",'','',''
1533395956990076011,110,16,"""SENSORS""",,1533395956,989828038,'','','','','',,0,0,'','','',False,'','',[],"""FAIL""",'','',''
1533395965236904080,111,0,"""MANAGER""",,1533395965,235491302,"""beginner""","""new_normal""","""YES""",'',"""beginner_non_tired_non_collaborative.POMDPx""",,0,0,'','','',False,'','',[],"""START""",'','',''
1533396007242605852,111,16,"""SENSORS""",,1533396007,242278066,'','','','','',,0,0,'','','',False,'','',[],"""FAIL""",'','',''
1533396020461254927,112,0,"""MANAGER""",,1533396020,460951647,"""beginner""","""new_normal""","""YES""",'',"""beginner_non_tired_non_collaborative.POMDPx""",,0,0,'','','',False,'','',[],"""START""",'','',''
1533396062468962188,112,16,"""SENSORS""",,1533396062,468558836,'','','','','',,0,0,'','','',False,'','',[],"""FAIL""",'','',''
1533396070703215766,113,0,"""MANAGER""",,1533396070,703085293,"""beginner""","""new_normal""","""YES""",'',"""beginner_non_tired_non_collaborative.POMDPx""",,0,0,'','','',False,'','',[],"""START""",'','',''
1533396112710612377,113,16,"""SENSORS""",,1533396112,710385454,'','','','','',,0,0,'','','',False,'','',[],"""FAIL""",'','',''
1533396120905149857,114,0,"""MANAGER""",,1533396120,904798162,"""beginner""","""new_normal""","""YES""",'',"""beginner_non_tired_non_collaborative.POMDPx""",,0,0,'','','',False,'','',[],"""START""",'','',''
1533396162913415956,114,16,"""SENSORS""",,1533396162,911778662,'','','','','',,0,0,'','','',False,'','',[],"""FAIL""",'','',''
1533396176135067779,115,0,"""MANAGER""",,1533396176,134928011,"""beginner""","""new_normal""","""YES""",'',"""beginner_non_tired_non_collaborative.POMDPx""",,0,0,'','','',False,'','',[],"""START""",'','',''
1533396218144169875,115,16,"""SENSORS""",,1533396218,143616091,'','','','','',,0,0,'','','',False,'','',[],"""FAIL""",'','',''
1533396231362661592,116,0,"""MANAGER""",,1533396231,362395627,"""beginner""","""new_normal""","""YES""",'',"""beginner_non_tired_non_collaborative.POMDPx""",,0,0,'','','',False,'','',[],"""START""",'','',''
1533396273371332775,116,16,"""SENSORS""",,1533396273,370809917,'','','','','',,0,0,'','','',False,'','',[],"""FAIL""",'','',''
1533396286569874390,117,0,"""MANAGER""",,1533396286,569718723,"""beginner""","""new_normal""","""YES""",'',"""beginner_non_tired_non_collaborative.POMDPx""",,0,0,'','','',False,'','',[],"""START""",'','',''
1533396328578411889,117,16,"""SENSORS""",,1533396328,577882868,'','','','','',,0,0,'','','',False,'','',[],"""FAIL""",'','',''
1533396341801501077,118,0,"""MANAGER""",,1533396341,796278061,"""beginner""","""new_normal""","""YES""",'',"""beginner_non_tired_non_collaborative.POMDPx""",,0,0,'','','',False,'','',[],"""START""",'','',''
1533396383805223835,118,16,"""SENSORS""",,1533396383,804204612,'','','','','',,0,0,'','','',False,'','',[],"""FAIL""",'','',''
1533396392024443539,119,0,"""MANAGER""",,1533396392,24181504,"""beginner""","""new_normal""","""YES""",'',"""beginner_non_tired_non_collaborative.POMDPx""",,0,0,'','','',False,'','',[],"""START""",'','',''
1533396434030330182,119,16,"""SENSORS""",,1533396434,30167538,'','','','','',,0,0,'','','',False,'','',[],"""FAIL""",'','',''
1533396447246947601,120,0,"""MANAGER""",,1533396447,246457078,"""beginner""","""new_normal""","""YES""",'',"""beginner_non_tired_non_collaborative.POMDPx""",,0,0,'','','',False,'','',[],"""START""",'','',''
1533396489255631417,120,16,"""SENSORS""",,1533396489,255124411,'','','','','',,0,0,'','','',False,'','',[],"""FAIL""",'','',''
1533396497435413711,121,0,"""MANAGER""",,1533396497,435216602,"""beginner""","""new_normal""","""YES""",'',"""beginner_non_tired_non_collaborative.POMDPx""",,0,0,'','','',False,'','',[],"""START""",'','',''
1533396539443597383,121,16,"""SENSORS""",,1533396539,443180326,'','','','','',,0,0,'','','',False,'','',[],"""FAIL""",'','',''
1533396552643036728,122,0,"""MANAGER""",,1533396552,642817258,"""beginner""","""new_normal""","""YES""",'',"""expert_tired_collaborative.POMDPx""",,0,0,'','','',False,'','',[],"""START""",'','',''
1533396559041579654,122,1,"""SENSORS""",,1533396559,40704415,'','','','','',,0,0,'','','',False,'','',[],"""SUCCESS""","""human""",'',''
1533396570174762777,123,0,"""MANAGER""",,1533396570,174523130,"""beginner""","""new_normal""","""YES""",'',"""expert_tired_collaborative.POMDPx""",,0,0,'','','',False,'','',[],"""START""",'','',''
1533396581485925882,123,3,"""SENSORS""",,1533396581,485624616,'','','','','',,0,0,'','','',False,'','',[],"""SUCCESS""","""human""",'',''
1533396592603448698,124,0,"""MANAGER""",,1533396592,603299104,"""beginner""","""new_normal""","""YES""",'',"""expert_tired_collaborative.POMDPx""",,0,0,'','','',False,'','',[],"""START""",'','',''
1533396601310604253,124,2,"""SENSORS""",,1533396601,310277037,'','','','','',,0,0,'','','',False,'','',[],"""SUCCESS""","""human""",'',''
1533396612480543488,125,0,"""MANAGER""",,1533396612,480398522,"""beginner""","""new_normal""","""YES""",'',"""expert_tired_collaborative.POMDPx""",,0,0,'','','',False,'','',[],"""START""",'','',''
1533396621218908209,125,2,"""SENSORS""",,1533396621,218608676,'','','','','',,0,0,'','','',False,'','',[],"""SUCCESS""","""human""",'',''
1533396632376481078,126,0,"""MANAGER""",,1533396632,376330797,"""beginner""","""new_normal""","""YES""",'',"""expert_tired_collaborative.POMDPx""",,0,0,'','','',False,'','',[],"""START""",'','',''
1533396638710508730,126,1,"""SENSORS""",,1533396638,710144218,'','','','','',,0,0,'','','',False,'','',[],"""SUCCESS""","""human""",'',''
1533396649863361547,127,0,"""MANAGER""",,1533396649,863011334,"""beginner""","""new_normal""","""YES""",'',"""expert_tired_collaborative.POMDPx""",,0,0,'','','',False,'','',[],"""START""",'','',''
1533396675242071571,127,6,"""SENSORS""",,1533396675,241813528,'','','','','',,0,0,'','','',False,'','',[],"""SUCCESS""","""human""",'',''
1533396686462033901,128,0,"""MANAGER""",,1533396686,461590669,"""beginner""","""new_normal""","""YES""",'',"""expert_tired_collaborative.POMDPx""",,0,0,'','','',False,'','',[],"""START""",'','',''
1533396695139995384,128,2,"""SENSORS""",,1533396695,139729264,'','','','','',,0,0,'','','',False,'','',[],"""SUCCESS""","""human""",'',''
1533396706300015864,129,0,"""MANAGER""",,1533396706,299878395,"""beginner""","""new_normal""","""YES""",'',"""expert_tired_collaborative.POMDPx""",,0,0,'','','',False,'','',[],"""START""",'','',''
1533396715031827825,129,2,"""SENSORS""",,1533396715,31485395,'','','','','',,0,0,'','','',False,'','',[],"""SUCCESS""","""human""",'',''
1533396726204897290,130,0,"""MANAGER""",,1533396726,204350991,"""beginner""","""new_normal""","""YES""",'',"""expert_tired_collaborative.POMDPx""",,0,0,'','','',False,'','',[],"""START""",'','',''
1533396732593157666,130,1,"""SENSORS""",,1533396732,592827734,'','','','','',,0,0,'','','',False,'','',[],"""SUCCESS""","""human""",'',''
1533396743777658247,131,0,"""MANAGER""",,1533396743,777223890,"""beginner""","""new_normal""","""YES""",'',"""expert_tired_collaborative.POMDPx""",,0,0,'','','',False,'','',[],"""START""",'','',''
1533396750154253977,131,1,"""SENSORS""",,1533396750,154029495,'','','','','',,0,0,'','','',False,'','',[],"""SUCCESS""","""human""",'',''
1533396761319077053,132,0,"""MANAGER""",,1533396761,318883826,"""beginner""","""new_normal""","""YES""",'',"""expert_tired_collaborative.POMDPx""",,0,0,'','','',False,'','',[],"""START""",'','',''
1533396767705582891,132,1,"""SENSORS""",,1533396767,705279876,'','','','','',,0,0,'','','',False,'','',[],"""SUCCESS""","""human""",'',''
1533396778866412466,133,0,"""MANAGER""",,1533396778,866002407,"""beginner""","""new_normal""","""YES""",'',"""expert_tired_collaborative.POMDPx""",,0,0,'','','',False,'','',[],"""START""",'','',''
1533396792789383960,133,4,"""SENSORS""",,1533396792,789192943,'','','','','',,0,0,'','','',False,'','',[],"""SUCCESS""","""human""",'',''
1533396803981819831,134,0,"""MANAGER""",,1533396803,981699134,"""beginner""","""new_normal""","""YES""",'',"""expert_tired_collaborative.POMDPx""",,0,0,'','','',False,'','',[],"""START""",'','',''
1533396817671761294,134,4,"""SENSORS""",,1533396817,671628953,'','','','','',,0,0,'','','',False,'','',[],"""SUCCESS""","""human""",'',''
1533396828895530656,135,0,"""MANAGER""",,1533396828,895258108,"""beginner""","""new_normal""","""YES""",'',"""expert_tired_collaborative.POMDPx""",,0,0,'','','',False,'','',[],"""START""",'','',''
1533396837838949843,135,2,"""SENSORS""",,1533396837,838607468,'','','','','',,0,0,'','','',False,'','',[],"""SUCCESS""","""human""",'',''
1533396848954180754,136,0,"""MANAGER""",,1533396848,953862329,"""beginner""","""new_normal""","""YES""",'',"""expert_tired_collaborative.POMDPx""",,0,0,'','','',False,'','',[],"""START""",'','',''
1533396873138135656,137,0,"""MANAGER""",,1533396873,137956838,"""beginner""","""new_normal""","""YES""",'',"""expert_tired_collaborative.POMDPx""",,0,0,'','','',False,'','',[],"""START""",'','',''
1533396881823200977,137,2,"""SENSORS""",,1533396881,822865602,'','','','','',,0,0,'','','',False,'','',[],"""SUCCESS""","""human""",'',''
1533396893040069714,138,0,"""MANAGER""",,1533396893,39862545,"""beginner""","""new_normal""","""YES""",'',"""expert_tired_collaborative.POMDPx""",,0,0,'','','',False,'','',[],"""START""",'','',''
1533396901745196913,138,2,"""SENSORS""",,1533396901,744852754,'','','','','',,0,0,'','','',False,'','',[],"""SUCCESS""","""human""",'',''
1533396912886379697,139,0,"""MANAGER""",,1533396912,886087200,"""beginner""","""new_normal""","""YES""",'',"""expert_tired_collaborative.POMDPx""",,0,0,'','','',False,'','',[],"""START""",'','',''
1533396919257923273,139,1,"""SENSORS""",,1533396919,257588395,'','','','','',,0,0,'','','',False,'','',[],"""SUCCESS""","""human""",'',''
1533396930436145552,140,0,"""MANAGER""",,1533396930,436011728,"""beginner""","""new_normal""","""YES""",'',"""expert_tired_collaborative.POMDPx""",,0,0,'','','',False,'','',[],"""START""",'','',''
1533396936807246826,140,1,"""SENSORS""",,1533396936,806906771,'','','','','',,0,0,'','','',False,'','',[],"""SUCCESS""","""human""",'',''
1533396947980338700,141,0,"""MANAGER""",,1533396947,980146345,"""beginner""","""new_normal""","""YES""",'',"""expert_tired_collaborative.POMDPx""",,0,0,'','','',False,'','',[],"""START""",'','',''
1533396956697663084,141,2,"""SENSORS""",,1533396956,697296528,'','','','','',,0,0,'','','',False,'','',[],"""SUCCESS""","""human""",'',''
1533396967867921504,142,0,"""MANAGER""",,1533396967,867571931,"""beginner""","""new_normal""","""YES""",'',"""expert_tired_non_collaborative.POMDPx""",,0,0,'','','',False,'','',[],"""START""",'','',''
1533396976638787110,142,2,"""SENSORS""",,1533396976,638465162,'','','','','',,0,0,'','','',False,'','',[],"""SUCCESS""","""human""",'',''
1533396987821389220,143,0,"""MANAGER""",,1533396987,819914084,"""beginner""","""new_normal""","""YES""",'',"""expert_tired_non_collaborative.POMDPx""",,0,0,'','','',False,'','',[],"""START""",'','',''
1533396994208383619,143,1,"""SENSORS""",,1533396994,208042271,'','','','','',,0,0,'','','',False,'','',[],"""SUCCESS""","""human""",'',''
1533397005378685824,144,0,"""MANAGER""",,1533397005,378408606,"""beginner""","""new_normal""","""YES""",'',"""expert_tired_non_collaborative.POMDPx""",,0,0,'','','',False,'','',[],"""START""",'','',''
1533397014114290773,144,2,"""SENSORS""",,1533397014,113969657,'','','','','',,0,0,'','','',False,'','',[],"""SUCCESS""","""human""",'',''
1533397025307732806,145,0,"""MANAGER""",,1533397025,307513651,"""beginner""","""new_normal""","""YES""",'',"""expert_tired_non_collaborative.POMDPx""",,0,0,'','','',False,'','',[],"""START""",'','',''
1533397067316641698,145,16,"""SENSORS""",,1533397067,316171122,'','','','','',,0,0,'','','',False,'','',[],"""FAIL""",'','',''
1533397080559608774,146,0,"""MANAGER""",,1533397080,557862890,"""beginner""","""new_normal""","""YES""",'',"""expert_tired_non_collaborative.POMDPx""",,0,0,'','','',False,'','',[],"""START""",'','',''
1533397089513377209,146,2,"""SENSORS""",,1533397089,512987229,'','','','','',,0,0,'','','',False,'','',[],"""SUCCESS""","""human""",'',''
1533397100689331916,147,0,"""MANAGER""",,1533397100,689160706,"""beginner""","""new_normal""","""YES""",'',"""expert_tired_non_collaborative.POMDPx""",,0,0,'','','',False,'','',[],"""START""",'','',''
1533397107060871550,147,1,"""SENSORS""",,1533397107,60520019,'','','','','',,0,0,'','','',False,'','',[],"""SUCCESS""","""human""",'',''
1533397118234451534,148,0,"""MANAGER""",,1533397118,234042721,"""beginner""","""new_normal""","""YES""",'',"""expert_tired_non_collaborative.POMDPx""",,0,0,'','','',False,'','',[],"""START""",'','',''
1533397126972938992,148,2,"""SENSORS""",,1533397126,972677243,'','','','','',,0,0,'','','',False,'','',[],"""SUCCESS""","""human""",'',''
1533397138185363479,149,0,"""MANAGER""",,1533397138,185186065,"""beginner""","""new_normal""","""YES""",'',"""expert_tired_non_collaborative.POMDPx""",,0,0,'','','',False,'','',[],"""START""",'','',''
1533397180193191244,149,15,"""SENSORS""",,1533397180,192859239,'','','','','',,0,0,'','','',False,'','',[],"""FAIL""",'','',''
1533397193415361153,150,0,"""MANAGER""",,1533397193,415130568,"""beginner""","""new_normal""","""YES""",'',"""expert_tired_non_collaborative.POMDPx""",,0,0,'','','',False,'','',[],"""START""",'','',''
1533397235421343438,150,12,"""SENSORS""",,1533397235,421034758,'','','','','',,0,0,'','','',False,'','',[],"""FAIL""",'','',''
1533397243617173925,151,0,"""MANAGER""",,1533397243,616607713,"""beginner""","""new_normal""","""YES""",'',"""expert_tired_non_collaborative.POMDPx""",,0,0,'','','',False,'','',[],"""START""",'','',''
1533397249989062103,151,1,"""SENSORS""",,1533397249,988705470,'','','','','',,0,0,'','','',False,'','',[],"""SUCCESS""","""human""",'',''
1533397261155141076,152,0,"""MANAGER""",,1533397261,154898145,"""beginner""","""new_normal""","""YES""",'',"""expert_tired_non_collaborative.POMDPx""",,0,0,'','','',False,'','',[],"""START""",'','',''
1533397267526668674,152,1,"""SENSORS""",,1533397267,526341223,'','','','','',,0,0,'','','',False,'','',[],"""SUCCESS""","""human""",'',''
1533397278701462331,153,0,"""MANAGER""",,1533397278,701112043,"""beginner""","""new_normal""","""YES""",'',"""expert_tired_non_collaborative.POMDPx""",,0,0,'','','',False,'','',[],"""START""",'','',''
1533397285129920709,153,1,"""SENSORS""",,1533397285,129561169,'','','','','',,0,0,'','','',False,'','',[],"""SUCCESS""","""human""",'',''
1533397296322025371,154,0,"""MANAGER""",,1533397296,314822594,"""beginner""","""new_normal""","""YES""",'',"""expert_tired_non_collaborative.POMDPx""",,0,0,'','','',False,'','',[],"""START""",'','',''
1533397305276015107,154,2,"""SENSORS""",,1533397305,275702485,'','','','','',,0,0,'','','',False,'','',[],"""SUCCESS""","""human""",'',''
1533397316437393925,155,0,"""MANAGER""",,1533397316,437159890,"""beginner""","""new_normal""","""YES""",'',"""expert_tired_non_collaborative.POMDPx""",,0,0,'','','',False,'','',[],"""START""",'','',''
1533397322827502972,155,1,"""SENSORS""",,1533397322,825254922,'','','','','',,0,0,'','','',False,'','',[],"""SUCCESS""","""human""",'',''
1533397333983595423,156,0,"""MANAGER""",,1533397333,983326652,"""beginner""","""new_normal""","""YES""",'',"""expert_tired_non_collaborative.POMDPx""",,0,0,'','','',False,'','',[],"""START""",'','',''
1533397345364170669,156,3,"""SENSORS""",,1533397345,363857637,'','','','','',,0,0,'','','',False,'','',[],"""SUCCESS""","""human""",'',''
1533397356505105460,157,0,"""MANAGER""",,1533397356,504654815,"""beginner""","""new_normal""","""YES""",'',"""expert_tired_non_collaborative.POMDPx""",,0,0,'','','',False,'','',[],"""START""",'','',''
1533397362881627838,157,1,"""SENSORS""",,1533397362,881345963,'','','','','',,0,0,'','','',False,'','',[],"""SUCCESS""","""human""",'',''
1533397374029381615,158,0,"""MANAGER""",,1533397374,29083062,"""beginner""","""new_normal""","""YES""",'',"""expert_tired_non_collaborative.POMDPx""",,0,0,'','','',False,'','',[],"""START""",'','',''
1533397382792115921,158,2,"""SENSORS""",,1533397382,791780487,'','','','','',,0,0,'','','',False,'','',[],"""SUCCESS""","""human""",'',''
1533397393923302742,159,0,"""MANAGER""",,1533397393,923085473,"""beginner""","""new_normal""","""YES""",'',"""expert_tired_non_collaborative.POMDPx""",,0,0,'','','',False,'','',[],"""START""",'','',''
1533397402614227655,159,2,"""SENSORS""",,1533397402,613882734,'','','','','',,0,0,'','','',False,'','',[],"""SUCCESS""","""human""",'',''
1533397413808950400,160,0,"""MANAGER""",,1533397413,807324189,"""beginner""","""new_normal""","""YES""",'',"""expert_tired_non_collaborative.POMDPx""",,0,0,'','','',False,'','',[],"""START""",'','',''
1533397429840094075,160,3,"""SENSORS""",,1533397429,839933300,'','','','','',,0,0,'','','',False,'','',[],"""SUCCESS""","""human""",'',''
1533397441028831974,161,0,"""MANAGER""",,1533397441,28680701,"""beginner""","""new_normal""","""YES""",'',"""expert_tired_non_collaborative.POMDPx""",,0,0,'','','',False,'','',[],"""START""",'','',''
1533397447386975089,161,1,"""SENSORS""",,1533397447,386691860,'','','','','',,0,0,'','','',False,'','',[],"""SUCCESS""","""human""",'',''
1533397458635485196,162,0,"""MANAGER""",,1533397458,635337552,"""beginner""","""new_normal""","""YES""",'',"""humanModel_v2.POMDPx""",,0,0,'','','',False,'','',[],"""START""",'','',''
1533397467427783981,162,2,"""SENSORS""",,1533397467,427611713,'','','','','',,0,0,'','','',False,'','',[],"""SUCCESS""","""human""",'',''
1533397478688107695,163,0,"""MANAGER""",,1533397478,686254742,"""beginner""","""new_normal""","""YES""",'',"""humanModel_v2.POMDPx""",,0,0,'','','',False,'','',[],"""START""",'','',''
1533397500371554833,164,0,"""MANAGER""",,1533397500,371390004,"""beginner""","""new_normal""","""YES""",'',"""humanModel_v2.POMDPx""",,0,0,'','','',False,'','',[],"""START""",'','',''
1533397506729844482,164,1,"""SENSORS""",,1533397506,729490646,'','','','','',,0,0,'','','',False,'','',[],"""SUCCESS""","""human""",'',''
1533397517880711964,165,0,"""MANAGER""",,1533397517,880471809,"""beginner""","""new_normal""","""YES""",'',"""humanModel_v2.POMDPx""",,0,0,'','','',False,'','',[],"""START""",'','',''
1533397526662266151,165,2,"""SENSORS""",,1533397526,662051536,'','','','','',,0,0,'','','',False,'','',[],"""SUCCESS""","""human""",'',''
1533397537820272412,166,0,"""MANAGER""",,1533397537,819890676,"""beginner""","""new_normal""","""YES""",'',"""humanModel_v2.POMDPx""",,0,0,'','','',False,'','',[],"""START""",'','',''
1533397546542521633,166,2,"""SENSORS""",,1533397546,542220493,'','','','','',,0,0,'','','',False,'','',[],"""SUCCESS""","""human""",'',''
1533397557707423803,167,0,"""MANAGER""",,1533397557,707265428,"""beginner""","""new_normal""","""YES""",'',"""humanModel_v2.POMDPx""",,0,0,'','','',False,'','',[],"""START""",'','',''
1533397564069298765,167,1,"""SENSORS""",,1533397564,68370532,'','','','','',,0,0,'','','',False,'','',[],"""SUCCESS""","""human""",'',''
1533397575208738169,168,0,"""MANAGER""",,1533397575,208441918,"""beginner""","""new_normal""","""YES""",'',"""humanModel_v2.POMDPx""",,0,0,'','','',False,'','',[],"""START""",'','',''
1533397584174508719,168,2,"""SENSORS""",,1533397584,174200884,'','','','','',,0,0,'','','',False,'','',[],"""SUCCESS""","""human""",'',''
1533397595382590730,169,0,"""MANAGER""",,1533397595,382320193,"""beginner""","""new_normal""","""YES""",'',"""humanModel_v2.POMDPx""",,0,0,'','','',False,'','',[],"""START""",'','',''
1533397604056382386,169,2,"""SENSORS""",,1533397604,56223076,'','','','','',,0,0,'','','',False,'','',[],"""SUCCESS""","""human""",'',''
1533397615227177818,170,0,"""MANAGER""",,1533397615,227022119,"""beginner""","""new_normal""","""YES""",'',"""humanModel_v2.POMDPx""",,0,0,'','','',False,'','',[],"""START""",'','',''
1533397632812959035,170,3,"""SENSORS""",,1533397632,812713753,'','','','','',,0,0,'','','',False,'','',[],"""SUCCESS""","""human""",'',''
1533397644002948553,171,0,"""MANAGER""",,1533397644,2781626,"""beginner""","""new_normal""","""YES""",'',"""humanModel_v2.POMDPx""",,0,0,'','','',False,'','',[],"""START""",'','',''
1533397686011335632,171,11,"""SENSORS""",,1533397686,10831232,'','','','','',,0,0,'','','',False,'','',[],"""FAIL""",'','',''
1533397694237263825,172,0,"""MANAGER""",,1533397694,237111399,"""beginner""","""new_normal""","""YES""",'',"""humanModel_v2.POMDPx""",,0,0,'','','',False,'','',[],"""START""",'','',''
1533397700585753375,172,1,"""SENSORS""",,1533397700,585416373,'','','','','',,0,0,'','','',False,'','',[],"""SUCCESS""","""human""",'',''
1533397711782387987,173,0,"""MANAGER""",,1533397711,782024250,"""beginner""","""new_normal""","""YES""",'',"""humanModel_v2.POMDPx""",,0,0,'','','',False,'','',[],"""START""",'','',''
1533397718154099821,173,1,"""SENSORS""",,1533397718,153908478,'','','','','',,0,0,'','','',False,'','',[],"""SUCCESS""","""human""",'',''
1533397729325721492,174,0,"""MANAGER""",,1533397729,325359598,"""beginner""","""new_normal""","""YES""",'',"""humanModel_v2.POMDPx""",,0,0,'','','',False,'','',[],"""START""",'','',''
1533397735685011839,174,1,"""SENSORS""",,1533397735,684689510,'','','','','',,0,0,'','','',False,'','',[],"""SUCCESS""","""human""",'',''
1533397746862466799,175,0,"""MANAGER""",,1533397746,862213745,"""beginner""","""new_normal""","""YES""",'',"""humanModel_v2.POMDPx""",,0,0,'','','',False,'','',[],"""START""",'','',''
1533397753255332790,175,1,"""SENSORS""",,1533397753,255048113,'','','','','',,0,0,'','','',False,'','',[],"""SUCCESS""","""human""",'',''
1533397764450463414,176,0,"""MANAGER""",,1533397764,450292974,"""beginner""","""new_normal""","""YES""",'',"""humanModel_v2.POMDPx""",,0,0,'','','',False,'','',[],"""START""",'','',''
1533397773148151157,176,2,"""SENSORS""",,1533397773,147844294,'','','','','',,0,0,'','','',False,'','',[],"""SUCCESS""","""human""",'',''
1533397784344032126,177,0,"""MANAGER""",,1533397784,343814330,"""beginner""","""new_normal""","""YES""",'',"""humanModel_v2.POMDPx""",,0,0,'','','',False,'','',[],"""START""",'','',''
1533397790709440994,177,1,"""SENSORS""",,1533397790,709177075,'','','','','',,0,0,'','','',False,'','',[],"""SUCCESS""","""human""",'',''
1533397801946531889,178,0,"""MANAGER""",,1533397801,946115266,"""beginner""","""new_normal""","""YES""",'',"""humanModel_v2.POMDPx""",,0,0,'','','',False,'','',[],"""START""",'','',''
1533397810870358804,178,2,"""SENSORS""",,1533397810,870079366,'','','','','',,0,0,'','','',False,'','',[],"""SUCCESS""","""human""",'',''
1533397822058925495,179,0,"""MANAGER""",,1533397822,58772324,"""beginner""","""new_normal""","""YES""",'',"""humanModel_v2.POMDPx""",,0,0,'','','',False,'','',[],"""START""",'','',''
1533397833132129262,179,3,"""SENSORS""",,1533397833,131857606,'','','','','',,0,0,'','','',False,'','',[],"""SUCCESS""","""human""",'',''
1533397844310482549,180,0,"""MANAGER""",,1533397844,310239949,"""beginner""","""new_normal""","""YES""",'',"""humanModel_v2.POMDPx""",,0,0,'','','',False,'','',[],"""START""",'','',''
1533397853016490980,180,2,"""SENSORS""",,1533397853,16210082,'','','','','',,0,0,'','','',False,'','',[],"""SUCCESS""","""human""",'',''
1533397864204558583,181,0,"""MANAGER""",,1533397864,204335669,"""beginner""","""new_normal""","""YES""",'',"""humanModel_v2.POMDPx""",,0,0,'','','',False,'','',[],"""START""",'','',''
1533397870565751006,181,1,"""SENSORS""",,1533397870,565456426,'','','','','',,0,0,'','','',False,'','',[],"""SUCCESS""","""human""",'',''
1533397881783344030,182,0,"""MANAGER""",,1533397881,783117377,"""beginner""","""new_normal""","""YES""",'',"""distracted_non_collaborative.POMDPx""",,0,0,'','','',False,'','',[],"""START""",'','',''
1533397923791084272,182,14,"""SENSORS""",,1533397923,790633336,'','','','','',,0,0,'','','',False,'','',[],"""FAIL""",'','',''
1533397932527433158,183,0,"""MANAGER""",,1533397932,527217343,"""beginner""","""new_normal""","""YES""",'',"""distracted_non_collaborative.POMDPx""",,0,0,'','','',False,'','',[],"""START""",'','',''
1533397968318076706,183,8,"""SENSORS""",,1533397968,317905026,'','','','','',,0,0,'','','',False,'','',[],"""SUCCESS""","""human""",'',''
1533397983544154247,184,0,"""MANAGER""",,1533397983,543820892,"""beginner""","""new_normal""","""YES""",'',"""distracted_non_collaborative.POMDPx""",,0,0,'','','',False,'','',[],"""START""",'','',''
1533397989967696758,184,1,"""SENSORS""",,1533397989,967392480,'','','','','',,0,0,'','','',False,'','',[],"""SUCCESS""","""human""",'',''
1533398001124605023,185,0,"""MANAGER""",,1533398001,123250671,"""beginner""","""new_normal""","""YES""",'',"""distracted_non_collaborative.POMDPx""",,0,0,'','','',False,'','',[],"""START""",'','',''
1533398022895784062,186,0,"""MANAGER""",,1533398022,895330538,"""beginner""","""new_normal""","""YES""",'',"""distracted_non_collaborative.POMDPx""",,0,0,'','','',False,'','',[],"""START""",'','',''
1533398051825233756,187,0,"""MANAGER""",,1533398051,824932832,"""beginner""","""new_normal""","""YES""",'',"""distracted_non_collaborative.POMDPx""",,0,0,'','','',False,'','',[],"""START""",'','',''
1533398058226501903,187,1,"""SENSORS""",,1533398058,226310560,'','','','','',,0,0,'','','',False,'','',[],"""SUCCESS""","""human""",'',''
1533398069409583868,188,0,"""MANAGER""",,1533398069,408619920,"""beginner""","""new_normal""","""YES""",'',"""distracted_non_collaborative.POMDPx""",,0,0,'','','',False,'','',[],"""START""",'','',''
1533398111416199165,188,13,"""SENSORS""",,1533398111,416014616,'','','','','',,0,0,'','','',False,'','',[],"""FAIL""",'','',''
1533398112477038732,188,13,"""SENSORS""",,1533398112,476399190,'','','','','',,0,0,'','','',False,'','',[],"""SUCCESS""","""human""",'',''
1533398123710981825,189,0,"""MANAGER""",,1533398123,710718142,"""beginner""","""new_normal""","""YES""",'',"""distracted_non_collaborative.POMDPx""",,0,0,'','','',False,'','',[],"""START""",'','',''
1533398130080197853,189,1,"""SENSORS""",,1533398130,79898697,'','','','','',,0,0,'','','',False,'','',[],"""SUCCESS""","""human""",'',''
1533398141235411475,190,0,"""MANAGER""",,1533398141,235084634,"""beginner""","""new_normal""","""YES""",'',"""distracted_non_collaborative.POMDPx""",,0,0,'','','',False,'','',[],"""START""",'','',''
1533398149938102263,190,2,"""SENSORS""",,1533398149,937861990,'','','','','',,0,0,'','','',False,'','',[],"""SUCCESS""","""human""",'',''
1533398161113981021,191,0,"""MANAGER""",,1533398161,113604566,"""beginner""","""new_normal""","""YES""",'',"""distracted_non_collaborative.POMDPx""",,0,0,'','','',False,'','',[],"""START""",'','',''
1533398181249210666,191,3,"""SENSORS""",,1533398181,248892166,'','','','','',,0,0,'','','',False,'','',[],"""SUCCESS""","""human""",'',''
1533398192404351400,192,0,"""MANAGER""",,1533398192,403748982,"""beginner""","""new_normal""","""YES""",'',"""distracted_non_collaborative.POMDPx""",,0,0,'','','',False,'','',[],"""START""",'','',''
1533398219004728009,193,0,"""MANAGER""",,1533398219,3932952,"""beginner""","""new_normal""","""YES""",'',"""distracted_non_collaborative.POMDPx""",,0,0,'','','',False,'','',[],"""START""",'','',''
1533398225386660008,193,1,"""SENSORS""",,1533398225,386275539,'','','','','',,0,0,'','','',False,'','',[],"""SUCCESS""","""human""",'',''
1533398236536036810,194,0,"""MANAGER""",,1533398236,535809357,"""beginner""","""new_normal""","""YES""",'',"""distracted_non_collaborative.POMDPx""",,0,0,'','','',False,'','',[],"""START""",'','',''
1533398261475491060,194,5,"""SENSORS""",,1533398261,475169838,'','','','','',,0,0,'','','',False,'','',[],"""SUCCESS""","""human""",'',''
1533398272681511063,195,0,"""MANAGER""",,1533398272,681181911,"""beginner""","""new_normal""","""YES""",'',"""distracted_non_collaborative.POMDPx""",,0,0,'','','',False,'','',[],"""START""",'','',''
1533398279056679759,195,1,"""SENSORS""",,1533398279,56426041,'','','','','',,0,0,'','','',False,'','',[],"""SUCCESS""","""human""",'',''
1533398290231115512,196,0,"""MANAGER""",,1533398290,230977841,"""beginner""","""new_normal""","""YES""",'',"""distracted_non_collaborative.POMDPx""",,0,0,'','','',False,'','',[],"""START""",'','',''
1533398296599210420,196,1,"""SENSORS""",,1533398296,598935711,'','','','','',,0,0,'','','',False,'','',[],"""SUCCESS""","""human""",'',''
1533398307769485054,197,0,"""MANAGER""",,1533398307,769210655,"""beginner""","""new_normal""","""YES""",'',"""distracted_non_collaborative.POMDPx""",,0,0,'','','',False,'','',[],"""START""",'','',''
1533398314108740327,197,1,"""SENSORS""",,1533398314,108430322,'','','','','',,0,0,'','','',False,'','',[],"""SUCCESS""","""human""",'',''
1533398325279514720,198,0,"""MANAGER""",,1533398325,279359409,"""beginner""","""new_normal""","""YES""",'',"""distracted_non_collaborative.POMDPx""",,0,0,'','','',False,'','',[],"""START""",'','',''
1533398331679788422,198,1,"""SENSORS""",,1533398331,679455574,'','','','','',,0,0,'','','',False,'','',[],"""SUCCESS""","""human""",'',''
1533398342824792136,199,0,"""MANAGER""",,1533398342,824125624,"""beginner""","""new_normal""","""YES""",'',"""distracted_non_collaborative.POMDPx""",,0,0,'','','',False,'','',[],"""START""",'','',''
1533398349190629990,199,1,"""SENSORS""",,1533398349,190030659,'','','','','',,0,0,'','','',False,'','',[],"""SUCCESS""","""human""",'',''
1533398360425769777,200,0,"""MANAGER""",,1533398360,425043285,"""beginner""","""new_normal""","""YES""",'',"""distracted_non_collaborative.POMDPx""",,0,0,'','','',False,'','',[],"""START""",'','',''
1533398366792610533,200,1,"""SENSORS""",,1533398366,792293466,'','','','','',,0,0,'','','',False,'','',[],"""SUCCESS""","""human""",'',''
1533398377968346284,201,0,"""MANAGER""",,1533398377,968211531,"""beginner""","""new_normal""","""YES""",'',"""distracted_non_collaborative.POMDPx""",,0,0,'','','',False,'','',[],"""START""",'','',''
1533398419978288095,201,10,"""SENSORS""",,1533398419,977818847,'','','','','',,0,0,'','','',False,'','',[],"""FAIL""",'','',''
1533398428698490486,202,0,"""MANAGER""",,1533398428,698317788,"""beginner""","""new_normal""","""YES""",'',"""distracted_collaborative.POMDPx""",,0,0,'','','',False,'','',[],"""START""",'','',''
1533398435092574850,202,1,"""SENSORS""",,1533398435,92467368,'','','','','',,0,0,'','','',False,'','',[],"""SUCCESS""","""human""",'',''
1533398446293855784,203,0,"""MANAGER""",,1533398446,293689209,"""beginner""","""new_normal""","""YES""",'',"""distracted_collaborative.POMDPx""",,0,0,'','','',False,'','',[],"""START""",'','',''
1533398458652805160,203,2,"""SENSORS""",,1533398458,652516417,'','','','','',,0,0,'','','',False,'','',[],"""SUCCESS""","""human""",'',''
1533398470068427571,204,0,"""MANAGER""",,1533398470,68171479,"""beginner""","""new_normal""","""YES""",'',"""distracted_collaborative.POMDPx""",,0,0,'','','',False,'','',[],"""START""",'','',''
1533398504261502409,204,10,"""SENSORS""",,1533398504,261159107,'','','','','',,0,0,'','','',False,'','',[],"""SUCCESS""","""human""",'',''
1533398515445486427,205,0,"""MANAGER""",,1533398515,445286476,"""beginner""","""new_normal""","""YES""",'',"""distracted_collaborative.POMDPx""",,0,0,'','','',False,'','',[],"""START""",'','',''
1533398521846577858,205,1,"""SENSORS""",,1533398521,845719056,'','','','','',,0,0,'','','',False,'','',[],"""SUCCESS""","""human""",'',''
1533398533030458035,206,0,"""MANAGER""",,1533398533,30153874,"""beginner""","""new_normal""","""YES""",'',"""distracted_collaborative.POMDPx""",,0,0,'','','',False,'','',[],"""START""",'','',''
1533398539406829665,206,1,"""SENSORS""",,1533398539,406546432,'','','','','',,0,0,'','','',False,'','',[],"""SUCCESS""","""human""",'',''
1533398550594988129,207,0,"""MANAGER""",,1533398550,594816485,"""beginner""","""new_normal""","""YES""",'',"""distracted_collaborative.POMDPx""",,0,0,'','','',False,'','',[],"""START""",'','',''
1533398592601271852,207,14,"""SENSORS""",,1533398592,601083627,'','','','','',,0,0,'','','',False,'','',[],"""FAIL""",'','',''
1533398606891267244,208,0,"""MANAGER""",,1533398606,891106457,"""beginner""","""new_normal""","""YES""",'',"""distracted_collaborative.POMDPx""",,0,0,'','','',False,'','',[],"""START""",'','',''
1533398613227074589,208,1,"""SENSORS""",,1533398613,226875029,'','','','','',,0,0,'','','',False,'','',[],"""SUCCESS""","""human""",'',''
1533398624389229584,209,0,"""MANAGER""",,1533398624,389097341,"""beginner""","""new_normal""","""YES""",'',"""distracted_collaborative.POMDPx""",,0,0,'','','',False,'','',[],"""START""",'','',''
1533398630713922963,209,1,"""SENSORS""",,1533398630,713604543,'','','','','',,0,0,'','','',False,'','',[],"""SUCCESS""","""human""",'',''
1533398641854141119,210,0,"""MANAGER""",,1533398641,853980776,"""beginner""","""new_normal""","""YES""",'',"""distracted_collaborative.POMDPx""",,0,0,'','','',False,'','',[],"""START""",'','',''
1533398648235000495,210,1,"""SENSORS""",,1533398648,234727705,'','','','','',,0,0,'','','',False,'','',[],"""SUCCESS""","""human""",'',''
1533398659405812820,211,0,"""MANAGER""",,1533398659,405615528,"""beginner""","""new_normal""","""YES""",'',"""distracted_collaborative.POMDPx""",,0,0,'','','',False,'','',[],"""START""",'','',''
1533398665792833978,211,1,"""SENSORS""",,1533398665,792491768,'','','','','',,0,0,'','','',False,'','',[],"""SUCCESS""","""human""",'',''
1533398676969215886,212,0,"""MANAGER""",,1533398676,968885164,"""beginner""","""new_normal""","""YES""",'',"""distracted_collaborative.POMDPx""",,0,0,'','','',False,'','',[],"""START""",'','',''
1533398718974944469,212,13,"""SENSORS""",,1533398718,974706209,'','','','','',,0,0,'','','',False,'','',[],"""FAIL""",'','',''
1533398719808401451,212,13,"""SENSORS""",,1533398719,808137639,'','','','','',,0,0,'','','',False,'','',[],"""SUCCESS""","""human""",'',''
1533398731022933436,213,0,"""MANAGER""",,1533398731,22786807,"""beginner""","""new_normal""","""YES""",'',"""distracted_collaborative.POMDPx""",,0,0,'','','',False,'','',[],"""START""",'','',''
1533398737412219674,213,1,"""SENSORS""",,1533398737,411914755,'','','','','',,0,0,'','','',False,'','',[],"""SUCCESS""","""human""",'',''
1533398748552248602,214,0,"""MANAGER""",,1533398748,552130109,"""beginner""","""new_normal""","""YES""",'',"""distracted_collaborative.POMDPx""",,0,0,'','','',False,'','',[],"""START""",'','',''
1533398774363036986,214,7,"""SENSORS""",,1533398774,362751207,'','','','','',,0,0,'','','',False,'','',[],"""SUCCESS""","""human""",'',''
1533398785596142058,215,0,"""MANAGER""",,1533398785,595768387,"""beginner""","""new_normal""","""YES""",'',"""distracted_collaborative.POMDPx""",,0,0,'','','',False,'','',[],"""START""",'','',''
1533398828589419103,215,9,"""SENSORS""",,1533398828,589302017,'','','','','',,0,0,'','','',False,'','',[],"""FAIL""",'','',''
1533398836541129554,216,0,"""MANAGER""",,1533398836,541005811,"""beginner""","""new_normal""","""YES""",'',"""distracted_collaborative.POMDPx""",,0,0,'','','',False,'','',[],"""START""",'','',''
1533398845249038475,216,2,"""SENSORS""",,1533398845,248703603,'','','','','',,0,0,'','','',False,'','',[],"""SUCCESS""","""human""",'',''
1533398856418222755,217,0,"""MANAGER""",,1533398856,418034918,"""beginner""","""new_normal""","""YES""",'',"""distracted_collaborative.POMDPx""",,0,0,'','','',False,'','',[],"""START""",'','',''
1533398874814284602,217,5,"""SENSORS""",,1533398874,814165987,'','','','','',,0,0,'','','',False,'','',[],"""SUCCESS""","""human""",'',''
1533398886051715431,218,0,"""MANAGER""",,1533398886,51242984,"""beginner""","""new_normal""","""YES""",'',"""distracted_collaborative.POMDPx""",,0,0,'','','',False,'','',[],"""START""",'','',''
1533398907800835366,219,0,"""MANAGER""",,1533398907,800500823,"""beginner""","""new_normal""","""YES""",'',"""distracted_collaborative.POMDPx""",,0,0,'','','',False,'','',[],"""START""",'','',''
1533398949805535352,219,14,"""SENSORS""",,1533398949,805371688,'','','','','',,0,0,'','','',False,'','',[],"""FAIL""",'','',''
1533398961630387625,220,0,"""MANAGER""",,1533398961,630012334,"""beginner""","""new_normal""","""YES""",'',"""distracted_collaborative.POMDPx""",,0,0,'','','',False,'','',[],"""START""",'','',''
1533398988683689434,220,6,"""SENSORS""",,1533398988,683347710,'','','','','',,0,0,'','','',False,'','',[],"""SUCCESS""","""human""",'',''
1533398999934506668,221,0,"""MANAGER""",,1533398999,933890714,"""beginner""","""new_normal""","""YES""",'',"""distracted_collaborative.POMDPx""",,0,0,'','','',False,'','',[],"""START""",'','',''
1533399009798113249,221,1,"""SENSORS""",,1533399009,797817953,'','','','','',,0,0,'','','',False,'','',[],"""SUCCESS""","""human""",'',''
1533399020986117751,222,0,"""MANAGER""",,1533399020,985870663,"""beginner""","""new_normal""","""YES""",'',"""expert_non_tired_collaborative.POMDPx""",,0,0,'','','',False,'','',[],"""START""",'','',''
1533399038629145225,222,3,"""SENSORS""",,1533399038,628838737,'','','','','',,0,0,'','','',False,'','',[],"""SUCCESS""","""human""",'',''
1533399049854034099,223,0,"""MANAGER""",,1533399049,853904024,"""beginner""","""new_normal""","""YES""",'',"""expert_non_tired_collaborative.POMDPx""",,0,0,'','','',False,'','',[],"""START""",'','',''
