1.55845559908148E+018,4,0,0,"""MANAGER""",,1558455599,83420481,'',,0,0,'','','',False,0,'',[],'',[],0,0,"""proactive_average_takeOneReasses_loyal.pomdpx""",'','',[],,0,0,'','',0,0,0,0,"""START""",0,'',0,0,0,0
1.55845560034493E+018,4,0,0,"""ROBOT""",,1558455600,323434829,'',,1558455600,294121910,"""idle""","""TaskHuman""","""TaskHuman""",True,0,'',[],'',[],0,0,"""proactive_average_takeOneReasses_loyal.pomdpx""","""6.000000""","""15.588282""",[],,0,0,'','',0,0,0,0,'',0,'',0,0,0,0
1.55845560080741E+018,4,0,1,"""OBSERVATION""",,1558455600,802846366,'',,0,0,'','','',False,0,"""LA:0 || H.DET:1 || GRASP:1 || SUCCESS:0 || WARN:0 || IDLE:0 || FAIL:0 || SUBTASKST:\","[0, 1, 1, 0, 0, 0, 0, 0]",'',"[True, False, True, False, False, False]",4,7,'','','',[],,0,0,'','',0,0,0,0,'',0,'',0,0,0,0
1.55845560322801E+018,4,0,2,"""OBSERVATION""",,1558455603,223530870,'',,0,0,'','','',False,0,"""LA:0 || H.DET:1 || GRASP:1 || SUCCESS:0 || WARN:0 || IDLE:0 || FAIL:0 || SUBTASKST:\","[0, 1, 1, 0, 0, 0, 0, 1]",'',"[True, False, False, True, False, False]",12,39,'','','',[],,0,0,'','',0,0,0,0,'',0,'',0,0,0,0
1.55845560457372E+018,4,1,2,"""SENSOR""",,1558455604,575589182,'',,0,0,'','','',False,0,'',[],'',[],0,0,'','',"""15.588282""",[],,1558455603,209629060,"""success""","""HUMAN""",4.124702406,0,1,100,'',4.124702406,'',0,0,0,nan
1.55845560476744E+018,4,0,2,"""ROBOT""",,1558455604,764066051,'',,1558455604,548994803,"""idle""","""HumanDoingOk""","""HumanDoingOk""",True,0,'',[],'',[],0,0,"""proactive_average_takeOneReasses_loyal.pomdpx""","""6.000000""","""11.414209""",[],,0,0,'','',0,0,0,0,'',0,'',0,0,0,0
1.55845560478924E+018,4,0,3,"""OBSERVATION""",,1558455604,784472395,'',,0,0,'','','',False,0,"""LA:0 || H.DET:1 || GRASP:1 || SUCCESS:0 || WARN:0 || IDLE:0 || FAIL:0 || SUBTASKST:\","[0, 1, 1, 0, 0, 0, 0, 0]",'',"[True, False, True, False, False, False]",4,7,'','','',[],,0,0,'','',0,0,0,0,'',0,'',0,0,0,0
1.55845560661005E+018,4,0,4,"""OBSERVATION""",,1558455606,602962998,'',,0,0,'','','',False,0,"""LA:0 || H.DET:1 || GRASP:1 || SUCCESS:0 || WARN:0 || IDLE:0 || FAIL:0 || SUBTASKST:\","[0, 1, 1, 0, 0, 0, 0, 1]",'',"[True, False, False, True, False, False]",12,39,'','','',[],,0,0,'','',0,0,0,0,'',0,'',0,0,0,0
1.55845560795377E+018,4,2,4,"""SENSOR""",,1558455607,955869986,'',,0,0,'','','',False,0,'',[],'',[],0,0,'','',"""11.414209""",[],,1558455606,585765032,"""success""","""HUMAN""",3.376114538,0,2,100,'',7.500816944,'',0,0,0,nan
1.55845560806623E+018,4,0,4,"""ROBOT""",,1558455608,61942059,'',,1558455607,927384971,"""idle""","""HumanDoingOk""","""HumanDoingOk""",True,0,'',[],'',[],0,0,"""proactive_average_takeOneReasses_loyal.pomdpx""","""6.000000""","""17.061361""",[],,0,0,'','',0,0,0,0,'',0,'',0,0,0,0
1.55845560809057E+018,4,0,5,"""OBSERVATION""",,1558455608,85624838,'',,0,0,'','','',False,0,"""LA:0 || H.DET:1 || GRASP:0 || SUCCESS:0 || WARN:0 || IDLE:1 || FAIL:0 || SUBTASKST:\","[0, 1, 0, 0, 0, 1, 0, 0]",'',"[True, False, False, False, False, True]",9,35,'','','',[],,0,0,'','',0,0,0,0,'',0,'',0,0,0,0
1.55845560955025E+018,4,0,5,"""ROBOT""",,1558455609,545985772,'',,1558455609,447395720,"""idle""","""HumanDoingOk""","""HumanDoingOk""",True,0,'',[],'',[],0,0,"""proactive_average_takeOneReasses_loyal.pomdpx""","""0.000000""","""17.061361""",[],,0,0,'','',0,0,0,0,'',0,'',0,0,0,0
1.55845560957451E+018,4,0,6,"""OBSERVATION""",,1558455609,570170295,'',,0,0,'','','',False,0,"""LA:0 || H.DET:1 || GRASP:1 || SUCCESS:0 || WARN:0 || IDLE:0 || FAIL:0 || SUBTASKST:\","[0, 1, 1, 0, 0, 0, 0, 0]",'',"[True, False, True, False, False, False]",4,7,'','','',[],,0,0,'','',0,0,0,0,'',0,'',0,0,0,0
1.55845561100974E+018,4,0,7,"""OBSERVATION""",,1558455611,5436091,'',,0,0,'','','',False,0,"""LA:0 || H.DET:1 || GRASP:1 || SUCCESS:0 || WARN:0 || IDLE:0 || FAIL:0 || SUBTASKST:\","[0, 1, 1, 0, 0, 0, 0, 1]",'',"[True, False, False, True, False, False]",12,39,'','','',[],,0,0,'','',0,0,0,0,'',0,'',0,0,0,0
1.55845561239796E+018,4,3,7,"""SENSOR""",,1558455612,400036814,'',,0,0,'','','',False,0,'',[],'',[],0,0,'','',"""17.061361""",[],,1558455610,991695607,"""success""","""HUMAN""",4.405948558,0,3,100,'',11.906765502,'',0,0,0,nan
1.55845561243742E+018,4,0,7,"""ROBOT""",,1558455612,433780644,'',,1558455612,373646651,"""idle""","""HumanDoingOk""","""HumanDoingOk""",True,0,'',[],'',[],0,0,"""proactive_average_takeOneReasses_loyal.pomdpx""","""6.000000""","""22.708513""",[],,0,0,'','',0,0,0,0,'',0,'',0,0,0,0
1.55845561245898E+018,4,0,8,"""OBSERVATION""",,1558455612,455115272,'',,0,0,'','','',False,0,"""LA:0 || H.DET:1 || GRASP:0 || SUCCESS:0 || WARN:0 || IDLE:1 || FAIL:0 || SUBTASKST:\","[0, 1, 0, 0, 0, 1, 0, 0]",'',"[True, False, False, False, False, True]",9,35,'','','',[],,0,0,'','',0,0,0,0,'',0,'',0,0,0,0
1.55845561400407E+018,4,0,8,"""ROBOT""",,1558455613,999645067,'',,1558455613,844725265,"""idle""","""HumanDoingOk""","""HumanDoingOk""",True,0,'',[],'',[],0,0,"""proactive_average_takeOneReasses_loyal.pomdpx""","""0.000000""","""22.708513""",[],,0,0,'','',0,0,0,0,'',0,'',0,0,0,0
1.55845561402823E+018,4,0,9,"""OBSERVATION""",,1558455614,24175894,'',,0,0,'','','',False,0,"""LA:0 || H.DET:1 || GRASP:1 || SUCCESS:0 || WARN:0 || IDLE:0 || FAIL:0 || SUBTASKST:\","[0, 1, 1, 0, 0, 0, 0, 0]",'',"[True, False, True, False, False, False]",4,7,'','','',[],,0,0,'','',0,0,0,0,'',0,'',0,0,0,0
1.55845561548371E+018,4,0,10,"""OBSERVATION""",,1558455615,473848318,'',,0,0,'','','',False,0,"""LA:0 || H.DET:1 || GRASP:1 || SUCCESS:0 || WARN:0 || IDLE:0 || FAIL:0 || SUBTASKST:\","[0, 1, 1, 0, 0, 0, 0, 1]",'',"[True, False, False, True, False, False]",12,39,'','','',[],,0,0,'','',0,0,0,0,'',0,'',0,0,0,0
1.55845561688978E+018,4,4,10,"""SENSOR""",,1558455616,891913426,'',,0,0,'','','',False,0,'',[],'',[],0,0,'','',"""22.708513""",[],,1558455615,459896823,"""success""","""HUMAN""",4.469376475,0,4,100,'',16.376141977,'',0,0,0,nan
1.55845561692922E+018,4,0,10,"""ROBOT""",,1558455616,925127562,'',,1558455616,864818941,"""idle""","""HumanDoingOk""","""HumanDoingOk""",True,0,'',[],'',[],0,0,"""proactive_average_takeOneReasses_loyal.pomdpx""","""6.000000""","""28.355665""",[],,0,0,'','',0,0,0,0,'',0,'',0,0,0,0
1.5584556169521E+018,4,0,11,"""OBSERVATION""",,1558455616,947843829,'',,0,0,'','','',False,0,"""LA:0 || H.DET:1 || GRASP:0 || SUCCESS:0 || WARN:0 || IDLE:1 || FAIL:0 || SUBTASKST:\","[0, 1, 0, 0, 0, 1, 0, 0]",'',"[True, False, False, False, False, True]",9,35,'','','',[],,0,0,'','',0,0,0,0,'',0,'',0,0,0,0
1.55845561843003E+018,4,0,11,"""ROBOT""",,1558455618,426350320,'',,1558455618,309650324,"""idle""","""HumanDoingOk""","""HumanDoingOk""",True,0,'',[],'',[],0,0,"""proactive_average_takeOneReasses_loyal.pomdpx""","""0.000000""","""28.355665""",[],,0,0,'','',0,0,0,0,'',0,'',0,0,0,0
1.55845561845471E+018,4,0,12,"""OBSERVATION""",,1558455618,450539322,'',,0,0,'','','',False,0,"""LA:0 || H.DET:1 || GRASP:1 || SUCCESS:0 || WARN:0 || IDLE:0 || FAIL:0 || SUBTASKST:\","[0, 1, 1, 0, 0, 0, 0, 0]",'',"[True, False, True, False, False, False]",4,7,'','','',[],,0,0,'','',0,0,0,0,'',0,'',0,0,0,0
1.55845561990168E+018,4,0,13,"""OBSERVATION""",,1558455619,896784964,'',,0,0,'','','',False,0,"""LA:0 || H.DET:1 || GRASP:1 || SUCCESS:0 || WARN:0 || IDLE:0 || FAIL:0 || SUBTASKST:\","[0, 1, 1, 0, 0, 0, 0, 1]",'',"[True, False, False, True, False, False]",12,39,'','','',[],,0,0,'','',0,0,0,0,'',0,'',0,0,0,0
1.55845562130861E+018,4,5,13,"""SENSOR""",,1558455621,310780332,'',,0,0,'','','',False,0,'',[],'',[],0,0,'','',"""28.355665""",[],,1558455619,882263557,"""success""","""HUMAN""",4.422292247,0,5,100,'',20.798434224,'',0,0,0,nan
1.55845562135613E+018,4,0,13,"""ROBOT""",,1558455621,351762836,'',,1558455621,286376870,"""idle""","""HumanDoingOk""","""HumanDoingOk""",True,0,'',[],'',[],0,0,"""proactive_average_takeOneReasses_loyal.pomdpx""","""6.000000""","""34.002819""",[],,0,0,'','',0,0,0,0,'',0,'',0,0,0,0
1.5584556213891E+018,4,0,14,"""OBSERVATION""",,1558455621,384180448,'',,0,0,'','','',False,0,"""LA:0 || H.DET:1 || GRASP:0 || SUCCESS:0 || WARN:0 || IDLE:1 || FAIL:0 || SUBTASKST:\","[0, 1, 0, 0, 0, 1, 0, 0]",'',"[True, False, False, False, False, True]",9,35,'','','',[],,0,0,'','',0,0,0,0,'',0,'',0,0,0,0
1.55845562288185E+018,4,0,14,"""ROBOT""",,1558455622,877595453,'',,1558455622,736298641,"""idle""","""HumanDoingOk""","""HumanDoingOk""",True,0,'',[],'',[],0,0,"""proactive_average_takeOneReasses_loyal.pomdpx""","""0.000000""","""34.002819""",[],,0,0,'','',0,0,0,0,'',0,'',0,0,0,0
1.55845562291414E+018,4,0,15,"""OBSERVATION""",,1558455622,909614656,'',,0,0,'','','',False,0,"""LA:0 || H.DET:1 || GRASP:1 || SUCCESS:0 || WARN:0 || IDLE:0 || FAIL:0 || SUBTASKST:\","[0, 1, 1, 0, 0, 0, 0, 0]",'',"[True, False, True, False, False, False]",4,7,'','','',[],,0,0,'','',0,0,0,0,'',0,'',0,0,0,0
1.55845562433197E+018,4,0,16,"""OBSERVATION""",,1558455624,328302272,'',,0,0,'','','',False,0,"""LA:0 || H.DET:1 || GRASP:1 || SUCCESS:0 || WARN:0 || IDLE:0 || FAIL:0 || SUBTASKST:\","[0, 1, 1, 0, 0, 0, 0, 1]",'',"[True, False, False, True, False, False]",12,39,'','','',[],,0,0,'','',0,0,0,0,'',0,'',0,0,0,0
1.55845562573324E+018,4,6,16,"""SENSOR""",,1558455625,735140830,'',,0,0,'','','',False,0,'',[],'',[],0,0,'','',"""34.002819""",[],,1558455624,314845068,"""success""","""HUMAN""",4.432579187,0,6,100,'',25.231013411,'',0,0,0,nan
1.55845562577848E+018,4,0,16,"""ROBOT""",,1558455625,774683727,'',,1558455625,704430175,"""idle""","""HumanDoingOk""","""HumanDoingOk""",True,0,'',[],'',[],0,0,"""proactive_average_takeOneReasses_loyal.pomdpx""","""6.000000""","""39.649971""",[],,0,0,'','',0,0,0,0,'',0,'',0,0,0,0
1.55845562580769E+018,4,0,17,"""OBSERVATION""",,1558455625,803500979,'',,0,0,'','','',False,0,"""LA:0 || H.DET:1 || GRASP:0 || SUCCESS:0 || WARN:0 || IDLE:1 || FAIL:0 || SUBTASKST:\","[0, 1, 0, 0, 0, 1, 0, 0]",'',"[True, False, False, False, False, True]",9,35,'','','',[],,0,0,'','',0,0,0,0,'',0,'',0,0,0,0
1.55845562725623E+018,4,0,18,"""OBSERVATION""",,1558455627,252673679,'',,0,0,'','','',False,0,"""LA:0 || H.DET:1 || GRASP:0 || SUCCESS:0 || WARN:0 || IDLE:1 || FAIL:0 || SUBTASKST:\","[0, 1, 0, 0, 0, 1, 0, 1]",'',"[True, False, False, True, False, True]",12,39,'','','',[],,0,0,'','',0,0,0,0,'',0,'',0,0,0,0
1.55845562864145E+018,4,7,18,"""SENSOR""",,1558455628,643299134,'',,0,0,'','','',False,0,'',[],'',[],0,0,'','',"""39.649971""",[],,1558455627,238374914,"""success""","""HUMAN""",2.92347384,0,7,100,'',28.154487251,'',0,0,0,nan
1.55845562867842E+018,4,0,18,"""ROBOT""",,1558455628,673750640,'',,1558455628,617096475,"""idle""","""HumanDoingOk""","""HumanDoingOk""",True,0,'',[],'',[],0,0,"""proactive_average_takeOneReasses_loyal.pomdpx""","""6.000000""","""45.529972""",[],,0,0,'','',0,0,0,0,'',0,'',0,0,0,0
1.55845562870052E+018,4,0,19,"""OBSERVATION""",,1558455628,695978541,'',,0,0,'','','',False,0,"""LA:0 || H.DET:1 || GRASP:1 || SUCCESS:0 || WARN:0 || IDLE:0 || FAIL:0 || SUBTASKST:\","[0, 1, 1, 0, 0, 0, 0, 0]",'',"[True, False, True, False, False, False]",4,7,'','','',[],,0,0,'','',0,0,0,0,'',0,'',0,0,0,0
1.55845563015867E+018,4,0,19,"""ROBOT""",,1558455630,154984473,'',,1558455630,56364945,"""idle""","""HumanDoingOk""","""HumanDoingOk""",True,0,'',[],'',[],0,0,"""proactive_average_takeOneReasses_loyal.pomdpx""","""0.000000""","""45.529972""",[],,0,0,'','',0,0,0,0,'',0,'',0,0,0,0
1.55845563018502E+018,4,0,20,"""OBSERVATION""",,1558455630,180597378,'',,0,0,'','','',False,0,"""LA:0 || H.DET:1 || GRASP:0 || SUCCESS:0 || WARN:0 || IDLE:1 || FAIL:0 || SUBTASKST:\","[0, 1, 0, 0, 0, 1, 0, 0]",'',"[True, False, False, False, False, True]",9,35,'','','',[],,0,0,'','',0,0,0,0,'',0,'',0,0,0,0
1.55845563170715E+018,4,0,20,"""ROBOT""",,1558455631,702922538,'',,1558455631,561217681,"""idle""","""HumanDoingOk""","""HumanDoingOk""",True,0,'',[],'',[],0,0,"""proactive_average_takeOneReasses_loyal.pomdpx""","""0.000000""","""45.529972""",[],,0,0,'','',0,0,0,0,'',0,'',0,0,0,0
1.55845563173226E+018,4,0,21,"""OBSERVATION""",,1558455631,727612133,'',,0,0,'','','',False,0,"""LA:0 || H.DET:1 || GRASP:1 || SUCCESS:0 || WARN:0 || IDLE:0 || FAIL:0 || SUBTASKST:\","[0, 1, 1, 0, 0, 0, 0, 0]",'',"[True, False, True, False, False, False]",4,7,'','','',[],,0,0,'','',0,0,0,0,'',0,'',0,0,0,0
1.55845563317159E+018,4,0,22,"""OBSERVATION""",,1558455633,167970025,'',,0,0,'','','',False,0,"""LA:0 || H.DET:1 || GRASP:1 || SUCCESS:0 || WARN:0 || IDLE:0 || FAIL:0 || SUBTASKST:\","[0, 1, 1, 0, 0, 0, 0, 1]",'',"[True, False, False, True, False, False]",12,39,'','','',[],,0,0,'','',0,0,0,0,'',0,'',0,0,0,0
1.55845563458765E+018,4,8,22,"""SENSOR""",,1558455634,589432720,'',,0,0,'','','',False,0,'',[],'',[],0,0,'','',"""45.529972""",[],,1558455633,153945493,"""success""","""HUMAN""",5.915679813,0,8,100,'',34.070167064,'',0,0,0,nan
1.55845563463324E+018,4,0,22,"""ROBOT""",,1558455634,628474339,'',,1558455634,554164339,"""idle""","""HumanDoingOk""","""HumanDoingOk""",True,0,'',[],'',[],0,0,"""proactive_average_takeOneReasses_loyal.pomdpx""","""6.000000""","""50.953499""",[],,0,0,'','',0,0,0,0,'',0,'',0,0,0,0
1.55845563465782E+018,4,0,23,"""OBSERVATION""",,1558455634,653537047,'',,0,0,'','','',False,0,"""LA:0 || H.DET:1 || GRASP:0 || SUCCESS:0 || WARN:0 || IDLE:1 || FAIL:0 || SUBTASKST:\","[0, 1, 0, 0, 0, 1, 0, 0]",'',"[True, False, False, False, False, True]",9,35,'','','',[],,0,0,'','',0,0,0,0,'',0,'',0,0,0,0
1.55845563617603E+018,4,0,23,"""ROBOT""",,1558455636,166440206,'',,1558455636,12577197,"""planning for grasping""","""HumanDoingOk""","""HumanDoingOk""",True,0,'',[],'',[],0,0,"""proactive_average_takeOneReasses_loyal.pomdpx""","""0.000000""","""50.953499""",[],,0,0,'','',0,0,0,0,'',0,'',0,0,0,0
1.55845563620035E+018,4,0,24,"""OBSERVATION""",,1558455636,195995437,'',,0,0,'','','',False,0,"""LA:0 || H.DET:1 || GRASP:1 || SUCCESS:0 || WARN:0 || IDLE:0 || FAIL:0 || SUBTASKST:\","[0, 1, 1, 0, 0, 0, 0, 0]",'',"[True, False, True, False, False, False]",4,7,'','','',[],,0,0,'','',0,0,0,0,'',0,'',0,0,0,0
1.55845563763909E+018,4,0,25,"""OBSERVATION""",,1558455637,635193730,'',,0,0,'','','',False,0,"""LA:0 || H.DET:1 || GRASP:1 || SUCCESS:0 || WARN:0 || IDLE:0 || FAIL:0 || SUBTASKST:\","[0, 1, 1, 0, 0, 0, 0, 1]",'',"[True, False, False, True, False, False]",12,39,'','','',[],,0,0,'','',0,0,0,0,'',0,'',0,0,0,0
1.5584556390283E+018,4,9,25,"""SENSOR""",,1558455639,30309899,'',,0,0,'','','',False,0,'',[],'',[],0,0,'','',"""50.953499""",[],,1558455637,620666174,"""success""","""HUMAN""",4.466769383,0,9,100,'',38.536936447,'',0,0,0,nan
1.55845563907445E+018,4,0,25,"""ROBOT""",,1558455639,70617967,'',,1558455638,999265407,"""idle""","""HumanDoingOk""","""HumanDoingOk""",True,0,'',[],'',[],0,0,"""proactive_average_takeOneReasses_loyal.pomdpx""","""6.000000""","""56.600651""",[],,0,0,'','',0,0,0,0,'',0,'',0,0,0,0
1.5584556390977E+018,4,0,26,"""OBSERVATION""",,1558455639,93577515,'',,0,0,'','','',False,0,"""LA:0 || H.DET:1 || GRASP:0 || SUCCESS:0 || WARN:0 || IDLE:1 || FAIL:0 || SUBTASKST:\","[0, 1, 0, 0, 0, 1, 0, 0]",'',"[True, False, False, False, False, True]",9,35,'','','',[],,0,0,'','',0,0,0,0,'',0,'',0,0,0,0
1.55845564061941E+018,4,0,26,"""ROBOT""",,1558455640,615026479,'',,1558455640,484893106,"""idle""","""HumanDoingOk""","""HumanDoingOk""",True,0,'',[],'',[],0,0,"""proactive_average_takeOneReasses_loyal.pomdpx""","""0.000000""","""56.600651""",[],,0,0,'','',0,0,0,0,'',0,'',0,0,0,0
1.55845564064351E+018,4,0,27,"""OBSERVATION""",,1558455640,638811857,'',,0,0,'','','',False,0,"""LA:0 || H.DET:1 || GRASP:1 || SUCCESS:0 || WARN:0 || IDLE:0 || FAIL:0 || SUBTASKST:\","[0, 1, 1, 0, 0, 0, 0, 0]",'',"[True, False, True, False, False, False]",4,7,'','','',[],,0,0,'','',0,0,0,0,'',0,'',0,0,0,0
1.55845564911718E+018,4,0,27,"""ROBOT""",,1558455642,131787543,'',,1558455642,17822895,"""idle""","""HumanDoingOk""","""HumanDoingOk""",True,0,'',[],'',[],0,0,"""proactive_average_takeOneReasses_loyal.pomdpx""","""0.000000""","""56.600651""",[],,0,0,'','',0,0,0,0,'',0,'',0,0,0,0
1.55845564914081E+018,4,0,28,"""OBSERVATION""",,1558455649,136582746,'',,0,0,'','','',False,0,"""LA:0 || H.DET:1 || GRASP:0 || SUCCESS:0 || WARN:0 || IDLE:1 || FAIL:0 || SUBTASKST:\","[0, 1, 0, 0, 0, 1, 0, 0]",'',"[True, False, False, False, False, True]",9,35,'','','',[],,0,0,'','',0,0,0,0,'',0,'',0,0,0,0
1.55845565055162E+018,4,0,29,"""OBSERVATION""",,1558455650,548287915,'',,0,0,'','','',False,0,"""LA:0 || H.DET:1 || GRASP:0 || SUCCESS:1 || WARN:0 || IDLE:1 || FAIL:0 || SUBTASKST:\","[0, 1, 0, 1, 0, 1, 0, 3]",'',"[True, False, False, True, False, True]",10,43,'','','',[],,0,0,'','',0,0,0,0,'',0,'',0,0,0,0
1.55845565196762E+018,4,0,29,"""ROBOT""",,1558455651,963544260,'',,1558455651,912082045,"""idle""","""GlobalSuccess""","""GlobalSuccess""",True,0,'',[],'',[],0,0,"""proactive_average_takeOneReasses_loyal.pomdpx""","""0.000000""","""56.600651""",[],,0,0,'','',0,0,0,0,'',0,'',0,0,0,0
1.5584556519822E+018,4,10,29,"""SENSOR""",,1558455651,984288988,'',,0,0,'','','',False,0,'',[],'',[],0,0,'','',"""56.600651""",[],,1558455650,533911889,"""fail""","""HUMAN""",12.913234696,1,9,90,'',51.450171143,'',0,1,0,100
1.55845565198235E+018,4,10,29,"""MANAGER-TASK-DONE""",,1558455651,984442194,'',,0,0,'','','',False,0,'',[],'',[],0,0,'','',"""56.600651""",[],,1558455650,533911889,'','',0,1,9,90,"""success""",51.450171143,'',0,1,0,100
1.55845586867334E+018,5,0,0,"""MANAGER""",,1558455868,675432289,'',,0,0,'','','',False,0,'',[],'',[],0,0,"""proactive_average_takeOneReasses_loyal.pomdpx""",'','',[],,0,0,'','',0,0,0,0,"""START""",0,'',0,0,0,0
1.55845586993332E+018,5,0,0,"""ROBOT""",,1558455869,918425495,'',,1558455869,868971593,"""idle""","""TaskHuman""","""TaskHuman""",True,0,'',[],'',[],0,0,"""proactive_average_takeOneReasses_loyal.pomdpx""","""0.000000""","""56.600651""",[],,0,0,'','',0,0,0,0,'',0,'',0,0,0,0
1.55845587074691E+018,5,0,1,"""OBSERVATION""",,1558455870,742461802,'',,0,0,'','','',False,0,"""LA:0 || H.DET:1 || GRASP:1 || SUCCESS:0 || WARN:0 || IDLE:0 || FAIL:0 || SUBTASKST:\","[0, 1, 1, 0, 0, 0, 0, 0]",'',"[True, False, True, False, False, False]",4,7,'','','',[],,0,0,'','',0,0,0,0,'',0,'',0,0,0,0
1.55845587221415E+018,5,0,2,"""OBSERVATION""",,1558455872,209681910,'',,0,0,'','','',False,0,"""LA:0 || H.DET:1 || GRASP:1 || SUCCESS:0 || WARN:0 || IDLE:0 || FAIL:0 || SUBTASKST:\","[0, 1, 1, 0, 0, 0, 0, 1]",'',"[True, False, False, True, False, False]",12,39,'','','',[],,0,0,'','',0,0,0,0,'',0,'',0,0,0,0
1.55845587358402E+018,5,1,2,"""SENSOR""",,1558455873,585302614,'',,0,0,'','','',False,0,'',[],'',[],0,0,'','',"""56.600651""",[],,1558455872,194698780,"""success""","""HUMAN""",3.517800995,0,1,100,'',3.517800995,'',0,1,0,100
1.55845587379073E+018,5,0,2,"""ROBOT""",,1558455873,785343590,'',,1558455873,555227667,"""idle""","""HumanDoingOk""","""HumanDoingOk""",True,0,'',[],'',[],0,0,"""proactive_average_takeOneReasses_loyal.pomdpx""","""6.000000""","""5.647152""",[],,0,0,'','',0,0,0,0,'',0,'',0,0,0,0
1.5584558738186E+018,5,0,3,"""OBSERVATION""",,1558455873,813456991,'',,0,0,'','','',False,0,"""LA:0 || H.DET:1 || GRASP:1 || SUCCESS:0 || WARN:0 || IDLE:0 || FAIL:0 || SUBTASKST:\","[0, 1, 1, 0, 0, 0, 0, 0]",'',"[True, False, True, False, False, False]",4,7,'','','',[],,0,0,'','',0,0,0,0,'',0,'',0,0,0,0
1.55845587543563E+018,5,0,4,"""OBSERVATION""",,1558455875,431160260,'',,0,0,'','','',False,0,"""LA:0 || H.DET:1 || GRASP:1 || SUCCESS:0 || WARN:0 || IDLE:0 || FAIL:0 || SUBTASKST:\","[0, 1, 1, 0, 0, 0, 0, 1]",'',"[True, False, False, True, False, False]",12,39,'','','',[],,0,0,'','',0,0,0,0,'',0,'',0,0,0,0
1.55845587681864E+018,5,2,4,"""SENSOR""",,1558455876,820518338,'',,0,0,'','','',False,0,'',[],'',[],0,0,'','',"""5.647152""",[],,1558455875,416013709,"""success""","""HUMAN""",3.221302212,0,2,100,'',6.739103207,'',0,1,0,100
1.55845587783418E+018,5,0,4,"""ROBOT""",,1558455877,830042111,'',,1558455876,791597838,"""idle""","""HumanDoingOk""","""HumanDoingOk""",True,0,'',[],'',[],0,0,"""proactive_average_takeOneReasses_loyal.pomdpx""","""6.000000""","""11.294305""",[],,0,0,'','',0,0,0,0,'',0,'',0,0,0,0
1.55845587785795E+018,5,0,5,"""OBSERVATION""",,1558455877,853653663,'',,0,0,'','','',False,0,"""LA:0 || H.DET:1 || GRASP:1 || SUCCESS:0 || WARN:0 || IDLE:0 || FAIL:0 || SUBTASKST:\","[0, 1, 1, 0, 0, 0, 0, 0]",'',"[True, False, True, False, False, False]",4,7,'','','',[],,0,0,'','',0,0,0,0,'',0,'',0,0,0,0
1.55845587926187E+018,5,0,6,"""OBSERVATION""",,1558455879,258386898,'',,0,0,'','','',False,0,"""LA:0 || H.DET:1 || GRASP:1 || SUCCESS:0 || WARN:0 || IDLE:0 || FAIL:0 || SUBTASKST:\","[0, 1, 1, 0, 0, 0, 0, 1]",'',"[True, False, False, True, False, False]",12,39,'','','',[],,0,0,'','',0,0,0,0,'',0,'',0,0,0,0
1.55845588059535E+018,5,3,6,"""SENSOR""",,1558455880,597175503,'',,0,0,'','','',False,0,'',[],'',[],0,0,'','',"""11.294305""",[],,1558455879,245003484,"""success""","""HUMAN""",3.830159888,0,3,100,'',10.569263095,'',0,1,0,100
1.55845588064362E+018,5,0,6,"""ROBOT""",,1558455880,639586367,'',,1558455880,565561273,"""idle""","""HumanDoingOk""","""HumanDoingOk""",True,0,'',[],'',[],0,0,"""proactive_average_takeOneReasses_loyal.pomdpx""","""6.000000""","""17.056705""",[],,0,0,'','',0,0,0,0,'',0,'',0,0,0,0
1.55845588066887E+018,5,0,7,"""OBSERVATION""",,1558455880,664540709,'',,0,0,'','','',False,0,"""LA:0 || H.DET:1 || GRASP:0 || SUCCESS:0 || WARN:0 || IDLE:1 || FAIL:0 || SUBTASKST:\","[0, 1, 0, 0, 0, 1, 0, 0]",'',"[True, False, False, False, False, True]",9,35,'','','',[],,0,0,'','',0,0,0,0,'',0,'',0,0,0,0
1.55845588206562E+018,5,0,8,"""OBSERVATION""",,1558455882,62109143,'',,0,0,'','','',False,0,"""LA:0 || H.DET:1 || GRASP:0 || SUCCESS:0 || WARN:0 || IDLE:1 || FAIL:0 || SUBTASKST:\","[0, 1, 0, 0, 0, 1, 0, 1]",'',"[True, False, False, True, False, True]",12,39,'','','',[],,0,0,'','',0,0,0,0,'',0,'',0,0,0,0
1.55845588345285E+018,5,4,8,"""SENSOR""",,1558455883,454833464,'',,0,0,'','','',False,0,'',[],'',[],0,0,'','',"""17.056705""",[],,1558455882,48455494,"""success""","""HUMAN""",2.803477111,0,4,100,'',13.372740206,'',0,1,0,100
1.55845588349339E+018,5,0,8,"""ROBOT""",,1558455883,489402812,'',,1558455883,427443234,"""idle""","""HumanDoingOk""","""HumanDoingOk""",True,0,'',[],'',[],0,0,"""proactive_average_takeOneReasses_loyal.pomdpx""","""6.000000""","""22.936707""",[],,0,0,'','',0,0,0,0,'',0,'',0,0,0,0
1.55845588351594E+018,5,0,9,"""OBSERVATION""",,1558455883,511942012,'',,0,0,'','','',False,0,"""LA:0 || H.DET:1 || GRASP:1 || SUCCESS:0 || WARN:0 || IDLE:0 || FAIL:0 || SUBTASKST:\","[0, 1, 1, 0, 0, 0, 0, 0]",'',"[True, False, True, False, False, False]",4,7,'','','',[],,0,0,'','',0,0,0,0,'',0,'',0,0,0,0
1.55845588499953E+018,5,0,9,"""ROBOT""",,1558455884,995507424,'',,1558455884,857291941,"""idle""","""HumanDoingOk""","""HumanDoingOk""",True,0,'',[],'',[],0,0,"""proactive_average_takeOneReasses_loyal.pomdpx""","""0.000000""","""22.936707""",[],,0,0,'','',0,0,0,0,'',0,'',0,0,0,0
1.55845588502376E+018,5,0,10,"""OBSERVATION""",,1558455885,19331557,'',,0,0,'','','',False,0,"""LA:0 || H.DET:1 || GRASP:0 || SUCCESS:0 || WARN:1 || IDLE:0 || FAIL:0 || SUBTASKST:\","[0, 1, 0, 0, 1, 0, 0, 0]",'',"[True, False, False, False, True, False]",6,19,'','','',[],,0,0,'','',0,0,0,0,'',0,'',0,0,0,0
1.55845588886329E+018,5,0,11,"""OBSERVATION""",,1558455888,858593503,'',,0,0,'','','',False,0,"""LA:0 || H.DET:1 || GRASP:0 || SUCCESS:0 || WARN:0 || IDLE:1 || FAIL:0 || SUBTASKST:\","[0, 1, 0, 0, 0, 1, 0, 1]",'',"[True, False, False, True, False, True]",12,39,'','','',[],,0,0,'','',0,0,0,0,'',0,'',0,0,0,0
1.55845589025776E+018,5,5,11,"""SENSOR""",,1558455890,259775824,'',,0,0,'','','',False,1,'',[],'',[],0,0,'','',"""22.936707""",[],,1558455888,841230720,"""success""","""HUMAN""",6.791566134,0,5,100,'',20.16430634,'',0,1,0,100
1.55845589191167E+018,5,0,12,"""OBSERVATION""",,1558455891,905393793,'',,0,0,'','','',False,0,"""LA:0 || H.DET:1 || GRASP:1 || SUCCESS:0 || WARN:0 || IDLE:0 || FAIL:0 || SUBTASKST:\","[0, 1, 1, 0, 0, 0, 0, 1]",'',"[True, False, False, True, False, False]",12,39,'','','',[],,0,0,'','',0,0,0,0,'',0,'',0,0,0,0
1.55845589330139E+018,5,6,12,"""SENSOR""",,1558455893,302925925,'',,0,0,'','','',False,0,'',[],'',[],0,0,'','',"""22.936707""",[],,1558455891,889357931,"""success""","""HUMAN""",3.049334708,0,6,100,'',23.213641048,'',0,1,0,100
1.55845589531141E+018,5,0,12,"""ROBOT""",,1558455895,306527040,'',,1558455893,279000345,"""idle""","""HumanDoingOk""","""HumanDoingOk""",True,0,'',[],'',[],0,0,"""proactive_average_takeOneReasses_loyal.pomdpx""","""6.000000""","""31.017714""",[],,0,0,'','',0,0,0,0,'',0,'',0,0,0,0
1.55845589533738E+018,5,0,13,"""OBSERVATION""",,1558455895,332659827,'',,0,0,'','','',False,0,"""LA:0 || H.DET:1 || GRASP:1 || SUCCESS:0 || WARN:0 || IDLE:0 || FAIL:0 || SUBTASKST:\","[0, 1, 1, 0, 0, 0, 0, 0]",'',"[True, False, True, False, False, False]",4,7,'','','',[],,0,0,'','',0,0,0,0,'',0,'',0,0,0,0
1.55845589698386E+018,5,0,13,"""ROBOT""",,1558455896,974624949,'',,1558455896,716565339,"""idle""","""HumanDoingOk""","""HumanDoingOk""",True,0,'',[],'',[],0,0,"""proactive_average_takeOneReasses_loyal.pomdpx""","""0.000000""","""31.017714""",[],,0,0,'','',0,0,0,0,'',0,'',0,0,0,0
1.55845589700912E+018,5,0,14,"""OBSERVATION""",,1558455897,4800787,'',,0,0,'','','',False,0,"""LA:0 || H.DET:1 || GRASP:0 || SUCCESS:0 || WARN:0 || IDLE:1 || FAIL:0 || SUBTASKST:\","[0, 1, 0, 0, 0, 1, 0, 0]",'',"[True, False, False, False, False, True]",9,35,'','','',[],,0,0,'','',0,0,0,0,'',0,'',0,0,0,0
1.5584558991074E+018,5,0,15,"""OBSERVATION""",,1558455899,103234712,'',,0,0,'','','',False,0,"""LA:0 || H.DET:1 || GRASP:0 || SUCCESS:0 || WARN:0 || IDLE:1 || FAIL:0 || SUBTASKST:\","[0, 1, 0, 0, 0, 1, 0, 1]",'',"[True, False, False, True, False, True]",12,39,'','','',[],,0,0,'','',0,0,0,0,'',0,'',0,0,0,0
1.55845590051432E+018,5,7,15,"""SENSOR""",,1558455900,516154170,'',,0,0,'','','',False,0,'',[],'',[],0,0,'','',"""31.017714""",[],,1558455899,84265295,"""success""","""HUMAN""",7.193724925,0,7,100,'',30.407365973,'',0,1,0,100
1.55845590055582E+018,5,0,15,"""ROBOT""",,1558455900,551586991,'',,1558455900,485803517,"""idle""","""HumanDoingOk""","""HumanDoingOk""",True,0,'',[],'',[],0,0,"""proactive_average_takeOneReasses_loyal.pomdpx""","""6.000000""","""36.226467""",[],,0,0,'','',0,0,0,0,'',0,'',0,0,0,0
1.55845590058101E+018,5,0,16,"""OBSERVATION""",,1558455900,576176029,'',,0,0,'','','',False,0,"""LA:0 || H.DET:1 || GRASP:1 || SUCCESS:0 || WARN:0 || IDLE:0 || FAIL:0 || SUBTASKST:\","[0, 1, 1, 0, 0, 0, 0, 0]",'',"[True, False, True, False, False, False]",4,7,'','','',[],,0,0,'','',0,0,0,0,'',0,'',0,0,0,0
1.55845590260984E+018,5,0,16,"""ROBOT""",,1558455902,605783628,'',,1558455901,953280652,"""idle""","""HumanDoingOk""","""HumanDoingOk""",True,0,'',[],'',[],0,0,"""proactive_average_takeOneReasses_loyal.pomdpx""","""0.000000""","""36.226467""",[],,0,0,'','',0,0,0,0,'',0,'',0,0,0,0
1.55845590263363E+018,5,0,17,"""OBSERVATION""",,1558455902,628827981,'',,0,0,'','','',False,0,"""LA:0 || H.DET:1 || GRASP:0 || SUCCESS:0 || WARN:0 || IDLE:1 || FAIL:0 || SUBTASKST:\","[0, 1, 0, 0, 0, 1, 0, 0]",'',"[True, False, False, False, False, True]",9,35,'','','',[],,0,0,'','',0,0,0,0,'',0,'',0,0,0,0
1.5584559040812E+018,5,0,17,"""ROBOT""",,1558455904,76124494,'',,1558455903,991157310,"""idle""","""HumanDoingOk""","""HumanDoingOk""",True,0,'',[],'',[],0,0,"""proactive_average_takeOneReasses_loyal.pomdpx""","""0.000000""","""36.226467""",[],,0,0,'','',0,0,0,0,'',0,'',0,0,0,0
1.55845590410536E+018,5,0,18,"""OBSERVATION""",,1558455904,101384482,'',,0,0,'','','',False,0,"""LA:0 || H.DET:1 || GRASP:1 || SUCCESS:0 || WARN:0 || IDLE:0 || FAIL:0 || SUBTASKST:\","[0, 1, 1, 0, 0, 0, 0, 0]",'',"[True, False, True, False, False, False]",4,7,'','','',[],,0,0,'','',0,0,0,0,'',0,'',0,0,0,0
1.55845590554738E+018,5,0,18,"""ROBOT""",,1558455905,543472085,'',,1558455905,452638320,"""idle""","""HumanDoingOk""","""HumanDoingOk""",True,0,'',[],'',[],0,0,"""proactive_average_takeOneReasses_loyal.pomdpx""","""0.000000""","""36.226467""",[],,0,0,'','',0,0,0,0,'',0,'',0,0,0,0
1.5584559055704E+018,5,0,19,"""OBSERVATION""",,1558455905,566339774,'',,0,0,'','','',False,0,"""LA:0 || H.DET:1 || GRASP:0 || SUCCESS:0 || WARN:0 || IDLE:1 || FAIL:0 || SUBTASKST:\","[0, 1, 0, 0, 0, 1, 0, 0]",'',"[True, False, False, False, False, True]",9,35,'','','',[],,0,0,'','',0,0,0,0,'',0,'',0,0,0,0
1.5584559087106E+018,5,0,19,"""ROBOT""",,1558455908,707108640,'',,1558455906,950601200,"""idle""","""HumanDoingOk""","""HumanDoingOk""",True,0,'',[],'',[],0,0,"""proactive_average_takeOneReasses_loyal.pomdpx""","""0.000000""","""36.226467""",[],,0,0,'','',0,0,0,0,'',0,'',0,0,0,0
1.55845590873224E+018,5,0,20,"""OBSERVATION""",,1558455908,728019055,'',,0,0,'','','',False,0,"""LA:0 || H.DET:1 || GRASP:0 || SUCCESS:0 || WARN:0 || IDLE:1 || FAIL:0 || SUBTASKST:\","[0, 1, 0, 0, 0, 1, 0, 0]",'',"[True, False, False, False, False, True]",9,35,'','','',[],,0,0,'','',0,0,0,0,'',0,'',0,0,0,0
1.55845591021721E+018,5,0,20,"""ROBOT""",,1558455910,213714337,'',,1558455910,74544292,"""planning for grasping""","""HumanDoingOk""","""HumanDoingOk""",True,0,'',[],'',[],0,0,"""proactive_average_takeOneReasses_loyal.pomdpx""","""0.000000""","""36.226467""",[],,0,0,'','',0,0,0,0,'',0,'',0,0,0,0
1.5584559102366E+018,5,0,21,"""OBSERVATION""",,1558455910,232360510,'',,0,0,'','','',False,0,"""LA:0 || H.DET:1 || GRASP:1 || SUCCESS:0 || WARN:0 || IDLE:0 || FAIL:0 || SUBTASKST:\","[0, 1, 1, 0, 0, 0, 0, 0]",'',"[True, False, True, False, False, False]",4,7,'','','',[],,0,0,'','',0,0,0,0,'',0,'',0,0,0,0
1.55845591163623E+018,5,0,22,"""OBSERVATION""",,1558455911,632300597,'',,0,0,'','','',False,0,"""LA:0 || H.DET:1 || GRASP:1 || SUCCESS:0 || WARN:0 || IDLE:0 || FAIL:0 || SUBTASKST:\","[0, 1, 1, 0, 0, 0, 0, 1]",'',"[True, False, False, True, False, False]",12,39,'','','',[],,0,0,'','',0,0,0,0,'',0,'',0,0,0,0
1.55845591870381E+018,5,8,22,"""SENSOR""",,1558455918,705498371,'',,0,0,'','','',False,0,'',[],'',[],0,0,'','',"""36.226467""",[],,1558455911,618814695,"""success""","""HUMAN""",12.535704399,0,8,100,'',42.943070372,'',0,1,0,100
1.55845591870391E+018,5,0,22,"""ROBOT""",,1558455913,50869909,'',,1558455912,992874125,"""idle""","""HumanDoingOk""","""HumanDoingOk""",True,0,'',[],'',[],0,0,"""proactive_average_takeOneReasses_loyal.pomdpx""","""6.000000""","""41.030857""",[],,0,0,'','',0,0,0,0,'',0,'',0,0,0,0
1.55845591872912E+018,5,0,23,"""OBSERVATION""",,1558455918,724980957,'',,0,0,'','','',False,0,"""LA:0 || H.DET:1 || GRASP:0 || SUCCESS:0 || WARN:0 || IDLE:1 || FAIL:0 || SUBTASKST:\","[0, 1, 0, 0, 0, 1, 0, 0]",'',"[True, False, False, False, False, True]",9,35,'','','',[],,0,0,'','',0,0,0,0,'',0,'',0,0,0,0
1.55845592013201E+018,5,0,24,"""OBSERVATION""",,1558455920,128768260,'',,0,0,'','','',False,0,"""LA:0 || H.DET:1 || GRASP:0 || SUCCESS:0 || WARN:0 || IDLE:1 || FAIL:0 || SUBTASKST:\","[0, 1, 0, 0, 0, 1, 0, 1]",'',"[True, False, False, True, False, True]",12,39,'','','',[],,0,0,'','',0,0,0,0,'',0,'',0,0,0,0
1.55845592151296E+018,5,9,24,"""SENSOR""",,1558455921,514956766,'',,0,0,'','','',False,0,'',[],'',[],0,0,'','',"""41.030857""",[],,1558455920,115725877,"""success""","""HUMAN""",8.496973155,0,9,100,'',51.440043527,'',0,1,0,100
1.55845592154997E+018,5,0,24,"""ROBOT""",,1558455921,546347614,'',,1558455921,488135011,"""idle""","""HumanDoingOk""","""HumanDoingOk""",True,0,'',[],'',[],0,0,"""proactive_average_takeOneReasses_loyal.pomdpx""","""6.000000""","""46.910858""",[],,0,0,'','',0,0,0,0,'',0,'',0,0,0,0
1.55845592157166E+018,5,0,25,"""OBSERVATION""",,1558455921,566988305,'',,0,0,'','','',False,0,"""LA:0 || H.DET:1 || GRASP:1 || SUCCESS:0 || WARN:0 || IDLE:0 || FAIL:0 || SUBTASKST:\","[0, 1, 1, 0, 0, 0, 0, 0]",'',"[True, False, True, False, False, False]",4,7,'','','',[],,0,0,'','',0,0,0,0,'',0,'',0,0,0,0
1.5584559229657E+018,5,0,26,"""OBSERVATION""",,1558455922,961936847,'',,0,0,'','','',False,0,"""LA:0 || H.DET:1 || GRASP:1 || SUCCESS:1 || WARN:0 || IDLE:0 || FAIL:0 || SUBTASKST:\","[0, 1, 1, 1, 0, 0, 0, 1]",'',"[True, False, False, True, False, False]",5,15,'','','',[],,0,0,'','',0,0,0,0,'',0,'',0,0,0,0
1.55845592438826E+018,5,0,26,"""ROBOT""",,1558455924,383644727,'',,1558455924,331780190,"""idle""","""GlobalSuccess""","""GlobalSuccess""",True,0,'',[],'',[],0,0,"""proactive_average_takeOneReasses_loyal.pomdpx""","""0.000000""","""46.910858""",[],,0,0,'','',0,0,0,0,'',0,'',0,0,0,0
1.55845592439703E+018,5,10,26,"""SENSOR""",,1558455924,398743612,'',,0,0,'','','',False,0,'',[],'',[],0,0,'','',"""46.910858""",[],,1558455922,947631855,"""success""","""HUMAN""",2.830905015,0,10,100,'',54.270948542,'',0,2,0,100
1.55845592439747E+018,5,10,26,"""MANAGER-TASK-DONE""",,1558455924,398831387,'',,0,0,'','','',False,0,'',[],'',[],0,0,'','',"""46.910858""",[],,1558455922,947631855,'','',0,0,10,100,"""success""",54.270948542,'',1,2,0,100
1.5584560904686E+018,6,0,0,"""MANAGER""",,1558456090,469559088,'',,0,0,'','','',False,0,'',[],'',[],0,0,"""proactive_average_takeOneReasses_loyal.pomdpx""",'','',[],,0,0,'','',0,0,0,0,"""START""",0,'',0,0,0,0
1.55845609169677E+018,6,0,0,"""ROBOT""",,1558456091,686689384,'',,1558456091,659887837,"""idle""","""TaskHuman""","""TaskHuman""",True,0,'',[],'',[],0,0,"""proactive_average_takeOneReasses_loyal.pomdpx""","""0.000000""","""46.910858""",[],,0,0,'','',0,0,0,0,'',0,'',0,0,0,0
1.55845609233392E+018,6,0,1,"""OBSERVATION""",,1558456092,328826738,'',,0,0,'','','',False,0,"""LA:0 || H.DET:1 || GRASP:1 || SUCCESS:0 || WARN:0 || IDLE:0 || FAIL:0 || SUBTASKST:\","[0, 1, 1, 0, 0, 0, 0, 0]",'',"[True, False, True, False, False, False]",4,7,'','','',[],,0,0,'','',0,0,0,0,'',0,'',0,0,0,0
1.55845609407955E+018,6,0,2,"""OBSERVATION""",,1558456094,71209944,'',,0,0,'','','',False,0,"""LA:0 || H.DET:1 || GRASP:1 || SUCCESS:0 || WARN:0 || IDLE:0 || FAIL:0 || SUBTASKST:\","[0, 1, 1, 0, 0, 0, 0, 1]",'',"[True, False, False, True, False, False]",12,39,'','','',[],,0,0,'','',0,0,0,0,'',0,'',0,0,0,0
1.55845609543396E+018,6,1,2,"""SENSOR""",,1558456095,435348406,'',,0,0,'','','',False,0,'',[],'',[],0,0,'','',"""46.910858""",[],,1558456094,54842607,"""success""","""HUMAN""",3.583746598,0,1,100,'',3.583746598,'',0,2,0,100
1.55845609614648E+018,6,0,2,"""ROBOT""",,1558456096,142512009,'',,1558456095,407467408,"""idle""","""HumanDoingOk""","""HumanDoingOk""",True,0,'',[],'',[],0,0,"""proactive_average_takeOneReasses_loyal.pomdpx""","""6.000000""","""5.647152""",[],,0,0,'','',0,0,0,0,'',0,'',0,0,0,0
1.55845609616914E+018,6,0,3,"""OBSERVATION""",,1558456096,163650890,'',,0,0,'','','',False,0,"""LA:0 || H.DET:1 || GRASP:1 || SUCCESS:0 || WARN:0 || IDLE:0 || FAIL:0 || SUBTASKST:\","[0, 1, 1, 0, 0, 0, 0, 0]",'',"[True, False, True, False, False, False]",4,7,'','','',[],,0,0,'','',0,0,0,0,'',0,'',0,0,0,0
1.55845609755791E+018,6,0,4,"""OBSERVATION""",,1558456097,553706172,'',,0,0,'','','',False,0,"""LA:0 || H.DET:1 || GRASP:1 || SUCCESS:0 || WARN:0 || IDLE:0 || FAIL:0 || SUBTASKST:\","[0, 1, 1, 0, 0, 0, 0, 1]",'',"[True, False, False, True, False, False]",12,39,'','','',[],,0,0,'','',0,0,0,0,'',0,'',0,0,0,0
1.55845609890259E+018,6,2,4,"""SENSOR""",,1558456098,903770841,'',,0,0,'','','',False,0,'',[],'',[],0,0,'','',"""5.647152""",[],,1558456097,540238758,"""success""","""HUMAN""",3.486575894,0,2,100,'',7.070322492,'',0,2,0,100
1.55845609957937E+018,6,0,4,"""ROBOT""",,1558456099,574298580,'',,1558456098,875184228,"""idle""","""HumanDoingOk""","""HumanDoingOk""",True,0,'',[],'',[],0,0,"""proactive_average_takeOneReasses_loyal.pomdpx""","""6.000000""","""11.294305""",[],,0,0,'','',0,0,0,0,'',0,'',0,0,0,0
1.55845609960095E+018,6,0,5,"""OBSERVATION""",,1558456099,596040156,'',,0,0,'','','',False,0,"""LA:0 || H.DET:1 || GRASP:1 || SUCCESS:0 || WARN:0 || IDLE:0 || FAIL:0 || SUBTASKST:\","[0, 1, 1, 0, 0, 0, 0, 0]",'',"[True, False, True, False, False, False]",4,7,'','','',[],,0,0,'','',0,0,0,0,'',0,'',0,0,0,0
1.55845610094911E+018,6,0,6,"""OBSERVATION""",,1558456100,944775150,'',,0,0,'','','',False,0,"""LA:0 || H.DET:1 || GRASP:1 || SUCCESS:0 || WARN:0 || IDLE:0 || FAIL:0 || SUBTASKST:\","[0, 1, 1, 0, 0, 0, 0, 1]",'',"[True, False, False, True, False, False]",12,39,'','','',[],,0,0,'','',0,0,0,0,'',0,'',0,0,0,0
1.55845610233567E+018,6,3,6,"""SENSOR""",,1558456102,336773151,'',,0,0,'','','',False,0,'',[],'',[],0,0,'','',"""11.294305""",[],,1558456100,930497243,"""success""","""HUMAN""",3.390104384,0,3,100,'',10.460426876,'',0,2,0,100
1.5584561025943E+018,6,0,6,"""ROBOT""",,1558456102,585803408,'',,1558456102,306462406,"""idle""","""HumanDoingOk""","""HumanDoingOk""",True,0,'',[],'',[],0,0,"""proactive_average_takeOneReasses_loyal.pomdpx""","""6.000000""","""17.056705""",[],,0,0,'','',0,0,0,0,'',0,'',0,0,0,0
1.55845610261765E+018,6,0,7,"""OBSERVATION""",,1558456102,612510896,'',,0,0,'','','',False,0,"""LA:0 || H.DET:1 || GRASP:1 || SUCCESS:0 || WARN:0 || IDLE:0 || FAIL:0 || SUBTASKST:\","[0, 1, 1, 0, 0, 0, 0, 0]",'',"[True, False, True, False, False, False]",4,7,'','','',[],,0,0,'','',0,0,0,0,'',0,'',0,0,0,0
1.55845610444215E+018,6,0,8,"""OBSERVATION""",,1558456104,437047551,'',,0,0,'','','',False,0,"""LA:0 || H.DET:1 || GRASP:1 || SUCCESS:0 || WARN:0 || IDLE:0 || FAIL:0 || SUBTASKST:\","[0, 1, 1, 0, 0, 0, 0, 1]",'',"[True, False, False, True, False, False]",12,39,'','','',[],,0,0,'','',0,0,0,0,'',0,'',0,0,0,0
1.5584561058521E+018,6,4,8,"""SENSOR""",,1558456105,853193373,'',,0,0,'','','',False,0,'',[],'',[],0,0,'','',"""17.056705""",[],,1558456104,421506107,"""success""","""HUMAN""",3.489957726,0,4,100,'',13.950384602,'',0,2,0,100
1.55845610678722E+018,6,0,8,"""ROBOT""",,1558456106,783217290,'',,1558456105,828627148,"""idle""","""HumanDoingOk""","""HumanDoingOk""",True,0,'',[],'',[],0,0,"""proactive_average_takeOneReasses_loyal.pomdpx""","""6.000000""","""22.703857""",[],,0,0,'','',0,0,0,0,'',0,'',0,0,0,0
1.55845610680695E+018,6,0,9,"""OBSERVATION""",,1558456106,802842502,'',,0,0,'','','',False,0,"""LA:0 || H.DET:1 || GRASP:1 || SUCCESS:0 || WARN:0 || IDLE:0 || FAIL:0 || SUBTASKST:\","[0, 1, 1, 0, 0, 0, 0, 0]",'',"[True, False, True, False, False, False]",4,7,'','','',[],,0,0,'','',0,0,0,0,'',0,'',0,0,0,0
1.55845610822712E+018,6,0,10,"""OBSERVATION""",,1558456108,221595147,'',,0,0,'','','',False,0,"""LA:0 || H.DET:1 || GRASP:1 || SUCCESS:0 || WARN:0 || IDLE:0 || FAIL:0 || SUBTASKST:\","[0, 1, 1, 0, 0, 0, 0, 1]",'',"[True, False, False, True, False, False]",12,39,'','','',[],,0,0,'','',0,0,0,0,'',0,'',0,0,0,0
1.55845610963815E+018,6,5,10,"""SENSOR""",,1558456109,639071182,'',,0,0,'','','',False,0,'',[],'',[],0,0,'','',"""22.703857""",[],,1558456108,198451902,"""success""","""HUMAN""",3.778169997,0,5,100,'',17.728554599,'',0,2,0,100
1.55845611013041E+018,6,0,10,"""ROBOT""",,1558456110,125441241,'',,1558456109,607345845,"""idle""","""HumanDoingOk""","""HumanDoingOk""",True,0,'',[],'',[],0,0,"""proactive_average_takeOneReasses_loyal.pomdpx""","""6.000000""","""28.351009""",[],,0,0,'','',0,0,0,0,'',0,'',0,0,0,0
1.55845611015449E+018,6,0,11,"""OBSERVATION""",,1558456110,149440603,'',,0,0,'','','',False,0,"""LA:0 || H.DET:1 || GRASP:1 || SUCCESS:0 || WARN:0 || IDLE:0 || FAIL:0 || SUBTASKST:\","[0, 1, 1, 0, 0, 0, 0, 0]",'',"[True, False, True, False, False, False]",4,7,'','','',[],,0,0,'','',0,0,0,0,'',0,'',0,0,0,0
1.55845611194523E+018,6,0,12,"""OBSERVATION""",,1558456111,939764898,'',,0,0,'','','',False,0,"""LA:0 || H.DET:1 || GRASP:1 || SUCCESS:0 || WARN:0 || IDLE:0 || FAIL:0 || SUBTASKST:\","[0, 1, 1, 0, 0, 0, 0, 1]",'',"[True, False, False, True, False, False]",12,39,'','','',[],,0,0,'','',0,0,0,0,'',0,'',0,0,0,0
1.55845611334874E+018,6,6,12,"""SENSOR""",,1558456113,349933838,'',,0,0,'','','',False,0,'',[],'',[],0,0,'','',"""28.351009""",[],,1558456111,921540492,"""success""","""HUMAN""",3.721845397,0,6,100,'',21.450399996,'',0,2,0,100
1.55845611345507E+018,6,0,12,"""ROBOT""",,1558456113,450011987,'',,1558456113,323031724,"""idle""","""HumanDoingOk""","""HumanDoingOk""",True,0,'',[],'',[],0,0,"""proactive_average_takeOneReasses_loyal.pomdpx""","""6.000000""","""33.998161""",[],,0,0,'','',0,0,0,0,'',0,'',0,0,0,0
1.558456113483E+018,6,0,13,"""OBSERVATION""",,1558456113,478052720,'',,0,0,'','','',False,0,"""LA:0 || H.DET:1 || GRASP:0 || SUCCESS:0 || WARN:0 || IDLE:1 || FAIL:0 || SUBTASKST:\","[0, 1, 0, 0, 0, 1, 0, 0]",'',"[True, False, False, False, False, True]",9,35,'','','',[],,0,0,'','',0,0,0,0,'',0,'',0,0,0,0
1.55845611498478E+018,6,0,13,"""ROBOT""",,1558456114,979647790,'',,1558456114,859192325,"""idle""","""HumanDoingOk""","""HumanDoingOk""",True,0,'',[],'',[],0,0,"""proactive_average_takeOneReasses_loyal.pomdpx""","""0.000000""","""33.998161""",[],,0,0,'','',0,0,0,0,'',0,'',0,0,0,0
1.55845611500736E+018,6,0,14,"""OBSERVATION""",,1558456115,2527069,'',,0,0,'','','',False,0,"""LA:0 || H.DET:1 || GRASP:1 || SUCCESS:0 || WARN:0 || IDLE:0 || FAIL:0 || SUBTASKST:\","[0, 1, 1, 0, 0, 0, 0, 0]",'',"[True, False, True, False, False, False]",4,7,'','','',[],,0,0,'','',0,0,0,0,'',0,'',0,0,0,0
1.55845611641305E+018,6,0,15,"""OBSERVATION""",,1558456116,407624670,'',,0,0,'','','',False,0,"""LA:0 || H.DET:1 || GRASP:1 || SUCCESS:0 || WARN:0 || IDLE:0 || FAIL:0 || SUBTASKST:\","[0, 1, 1, 0, 0, 0, 0, 1]",'',"[True, False, False, True, False, False]",12,39,'','','',[],,0,0,'','',0,0,0,0,'',0,'',0,0,0,0
1.55845611781089E+018,6,7,15,"""SENSOR""",,1558456117,811857972,'',,0,0,'','','',False,0,'',[],'',[],0,0,'','',"""33.998161""",[],,1558456116,393161704,"""success""","""HUMAN""",4.472378818,0,7,100,'',25.922778814,'',0,2,0,100
1.55845611785423E+018,6,0,15,"""ROBOT""",,1558456117,849552759,'',,1558456117,785968738,"""idle""","""HumanDoingOk""","""HumanDoingOk""",True,0,'',[],'',[],0,0,"""proactive_average_takeOneReasses_loyal.pomdpx""","""6.000000""","""39.645313""",[],,0,0,'','',0,0,0,0,'',0,'',0,0,0,0
1.55845611788307E+018,6,0,16,"""OBSERVATION""",,1558456117,877700412,'',,0,0,'','','',False,0,"""LA:0 || H.DET:1 || GRASP:0 || SUCCESS:0 || WARN:0 || IDLE:1 || FAIL:0 || SUBTASKST:\","[0, 1, 0, 0, 0, 1, 0, 0]",'',"[True, False, False, False, False, True]",9,35,'','','',[],,0,0,'','',0,0,0,0,'',0,'',0,0,0,0
1.55845611931178E+018,6,0,17,"""OBSERVATION""",,1558456119,307727394,'',,0,0,'','','',False,0,"""LA:0 || H.DET:1 || GRASP:0 || SUCCESS:0 || WARN:0 || IDLE:1 || FAIL:0 || SUBTASKST:\","[0, 1, 0, 0, 0, 1, 0, 1]",'',"[True, False, False, True, False, True]",12,39,'','','',[],,0,0,'','',0,0,0,0,'',0,'',0,0,0,0
1.55845612071373E+018,6,8,17,"""SENSOR""",,1558456120,714895897,'',,0,0,'','','',False,0,'',[],'',[],0,0,'','',"""39.645313""",[],,1558456119,290213551,"""success""","""HUMAN""",2.897407532,0,8,100,'',28.820186346,'',0,2,0,100
1.55845612075997E+018,6,0,17,"""ROBOT""",,1558456120,755021622,'',,1558456120,688567403,"""idle""","""HumanDoingOk""","""HumanDoingOk""",True,0,'',[],'',[],0,0,"""proactive_average_takeOneReasses_loyal.pomdpx""","""6.000000""","""45.525314""",[],,0,0,'','',0,0,0,0,'',0,'',0,0,0,0
1.55845612078493E+018,6,0,18,"""OBSERVATION""",,1558456120,780481484,'',,0,0,'','','',False,0,"""LA:0 || H.DET:1 || GRASP:1 || SUCCESS:0 || WARN:0 || IDLE:0 || FAIL:0 || SUBTASKST:\","[0, 1, 1, 0, 0, 0, 0, 0]",'',"[True, False, True, False, False, False]",4,7,'','','',[],,0,0,'','',0,0,0,0,'',0,'',0,0,0,0
1.55845612245998E+018,6,0,18,"""ROBOT""",,1558456122,455350359,'',,1558456122,162917936,"""idle""","""HumanDoingOk""","""HumanDoingOk""",True,0,'',[],'',[],0,0,"""proactive_average_takeOneReasses_loyal.pomdpx""","""0.000000""","""45.525314""",[],,0,0,'','',0,0,0,0,'',0,'',0,0,0,0
1.55845612248339E+018,6,0,19,"""OBSERVATION""",,1558456122,478452389,'',,0,0,'','','',False,0,"""LA:0 || H.DET:1 || GRASP:1 || SUCCESS:0 || WARN:0 || IDLE:0 || FAIL:0 || SUBTASKST:\","[0, 1, 1, 0, 0, 0, 0, 0]",'',"[True, False, True, False, False, False]",4,7,'','','',[],,0,0,'','',0,0,0,0,'',0,'',0,0,0,0
1.55845612391764E+018,6,0,20,"""OBSERVATION""",,1558456123,913538929,'',,0,0,'','','',False,0,"""LA:0 || H.DET:1 || GRASP:1 || SUCCESS:0 || WARN:0 || IDLE:0 || FAIL:0 || SUBTASKST:\","[0, 1, 1, 0, 0, 0, 0, 1]",'',"[True, False, False, True, False, False]",12,39,'','','',[],,0,0,'','',0,0,0,0,'',0,'',0,0,0,0
1.55845612529701E+018,6,9,20,"""SENSOR""",,1558456125,298039772,'',,0,0,'','','',False,0,'',[],'',[],0,0,'','',"""45.525314""",[],,1558456123,899369133,"""success""","""HUMAN""",4.609239211,0,9,100,'',33.429425557,'',0,2,0,100
1.55845612553871E+018,6,0,20,"""ROBOT""",,1558456125,534292103,'',,1558456125,270806141,"""idle""","""HumanDoingOk""","""HumanDoingOk""",True,0,'',[],'',[],0,0,"""proactive_average_takeOneReasses_loyal.pomdpx""","""6.000000""","""51.059525""",[],,0,0,'','',0,0,0,0,'',0,'',0,0,0,0
1.55845612556176E+018,6,0,21,"""OBSERVATION""",,1558456125,556453951,'',,0,0,'','','',False,0,"""LA:0 || H.DET:1 || GRASP:0 || SUCCESS:0 || WARN:1 || IDLE:0 || FAIL:0 || SUBTASKST:\","[0, 1, 0, 0, 1, 0, 0, 0]",'',"[True, False, False, False, True, False]",6,19,'','','',[],,0,0,'','',0,0,0,0,'',0,'',0,0,0,0
1.55845612695982E+018,6,0,22,"""OBSERVATION""",,1558456126,955259902,'',,0,0,'','','',False,0,"""LA:0 || H.DET:1 || GRASP:0 || SUCCESS:1 || WARN:1 || IDLE:0 || FAIL:0 || SUBTASKST:\","[0, 1, 0, 1, 1, 0, 0, 1]",'',"[True, False, False, True, True, False]",6,27,'','','',[],,0,0,'','',0,0,0,0,'',0,'',0,0,0,0
1.55845612834661E+018,6,10,22,"""SENSOR""",,1558456128,346108654,'',,0,0,'','','',False,1,'',[],'',[],0,0,'','',"""51.059525""",[],,1558456126,941886658,"""success""","""HUMAN""",3.042518073,0,10,100,'',36.47194363,'',0,3,0,100
1.55845612834703E+018,6,10,22,"""MANAGER-TASK-DONE""",,1558456128,346160886,'',,0,0,'','','',False,0,'',[],'',[],0,0,'','',"""51.059525""",[],,1558456126,941886658,'','',0,0,10,100,"""success""",36.47194363,'',1,3,0,100
1.55845625947036E+018,7,0,0,"""MANAGER""",,1558456259,471211264,'',,0,0,'','','',False,0,'',[],'',[],0,0,"""proactive_average_takeOneReasses_loyal.pomdpx""",'','',[],,0,0,'','',0,0,0,0,"""START""",0,'',0,0,0,0
1.55845626070705E+018,7,0,0,"""ROBOT""",,1558456260,696651229,'',,1558456260,660752703,"""idle""","""TaskHuman""","""TaskHuman""",True,0,'',[],'',[],0,0,"""proactive_average_takeOneReasses_loyal.pomdpx""","""6.000000""","""51.059525""",[],,0,0,'','',0,0,0,0,'',0,'',0,0,0,0
1.55845626256966E+018,7,0,1,"""OBSERVATION""",,1558456262,563772309,'',,0,0,'','','',False,0,"""LA:0 || H.DET:1 || GRASP:0 || SUCCESS:0 || WARN:0 || IDLE:1 || FAIL:0 || SUBTASKST:\","[0, 1, 0, 0, 0, 1, 0, 0]",'',"[True, False, False, False, False, True]",9,35,'','','',[],,0,0,'','',0,0,0,0,'',0,'',0,0,0,0
1.55845626524765E+018,7,0,1,"""ROBOT""",,1558456265,242503622,'',,1558456263,828707808,"""idle""","""HumanDoingOk""","""HumanDoingOk""",True,0,'',[],'',[],0,0,"""proactive_average_takeOneReasses_loyal.pomdpx""","""0.000000""","""0.000000""",[],,0,0,'','',0,0,0,0,'',0,'',0,0,0,0
1.55845626526856E+018,7,0,2,"""OBSERVATION""",,1558456265,263499682,'',,0,0,'','','',False,0,"""LA:0 || H.DET:1 || GRASP:1 || SUCCESS:0 || WARN:0 || IDLE:0 || FAIL:0 || SUBTASKST:\","[0, 1, 1, 0, 0, 0, 0, 0]",'',"[True, False, True, False, False, False]",4,7,'','','',[],,0,0,'','',0,0,0,0,'',0,'',0,0,0,0
1.55845626708543E+018,7,0,3,"""OBSERVATION""",,1558456267,76273720,'',,0,0,'','','',False,0,"""LA:0 || H.DET:1 || GRASP:1 || SUCCESS:0 || WARN:0 || IDLE:0 || FAIL:0 || SUBTASKST:\","[0, 1, 1, 0, 0, 0, 0, 1]",'',"[True, False, False, True, False, False]",12,39,'','','',[],,0,0,'','',0,0,0,0,'',0,'',0,0,0,0
1.5584562684539E+018,7,1,3,"""SENSOR""",,1558456268,454856420,'',,0,0,'','','',False,0,'',[],'',[],0,0,'','',"""0.000000""",[],,1558456267,52712379,"""success""","""HUMAN""",7.579920128,0,1,100,'',7.579920128,'',0,3,0,100
1.55845626950234E+018,7,0,3,"""ROBOT""",,1558456269,497270411,'',,1558456268,425666871,"""idle""","""HumanDoingOk""","""HumanDoingOk""",True,0,'',[],'',[],0,0,"""proactive_average_takeOneReasses_loyal.pomdpx""","""6.000000""","""5.208754""",[],,0,0,'','',0,0,0,0,'',0,'',0,0,0,0
1.55845626952257E+018,7,0,4,"""OBSERVATION""",,1558456269,517260424,'',,0,0,'','','',False,0,"""LA:0 || H.DET:1 || GRASP:1 || SUCCESS:0 || WARN:0 || IDLE:0 || FAIL:0 || SUBTASKST:\","[0, 1, 1, 0, 0, 0, 0, 0]",'',"[True, False, True, False, False, False]",4,7,'','','',[],,0,0,'','',0,0,0,0,'',0,'',0,0,0,0
1.5584562709066E+018,7,0,5,"""OBSERVATION""",,1558456270,894881805,'',,0,0,'','','',False,0,"""LA:0 || H.DET:1 || GRASP:1 || SUCCESS:0 || WARN:0 || IDLE:0 || FAIL:0 || SUBTASKST:\","[0, 1, 1, 0, 0, 0, 0, 1]",'',"[True, False, False, True, False, False]",12,39,'','','',[],,0,0,'','',0,0,0,0,'',0,'',0,0,0,0
1.55845627224321E+018,7,2,5,"""SENSOR""",,1558456272,244208613,'',,0,0,'','','',False,0,'',[],'',[],0,0,'','',"""5.208754""",[],,1558456270,877677404,"""success""","""HUMAN""",3.82621783,0,2,100,'',11.406137958,'',0,3,0,100
1.55845627252055E+018,7,0,5,"""ROBOT""",,1558456272,514617267,'',,1558456272,219079540,"""idle""","""HumanDoingOk""","""HumanDoingOk""",True,0,'',[],'',[],0,0,"""proactive_average_takeOneReasses_loyal.pomdpx""","""6.000000""","""10.855906""",[],,0,0,'','',0,0,0,0,'',0,'',0,0,0,0
1.55845627254352E+018,7,0,6,"""OBSERVATION""",,1558456272,538086371,'',,0,0,'','','',False,0,"""LA:0 || H.DET:1 || GRASP:1 || SUCCESS:0 || WARN:0 || IDLE:0 || FAIL:0 || SUBTASKST:\","[0, 1, 1, 0, 0, 0, 0, 0]",'',"[True, False, True, False, False, False]",4,7,'','','',[],,0,0,'','',0,0,0,0,'',0,'',0,0,0,0
1.55845627386873E+018,7,0,7,"""OBSERVATION""",,1558456273,863757019,'',,0,0,'','','',False,0,"""LA:0 || H.DET:1 || GRASP:1 || SUCCESS:0 || WARN:0 || IDLE:0 || FAIL:0 || SUBTASKST:\","[0, 1, 1, 0, 0, 0, 0, 1]",'',"[True, False, False, True, False, False]",12,39,'','','',[],,0,0,'','',0,0,0,0,'',0,'',0,0,0,0
1.55845627523389E+018,7,3,7,"""SENSOR""",,1558456275,234167639,'',,0,0,'','','',False,0,'',[],'',[],0,0,'','',"""10.855906""",[],,1558456273,848500735,"""success""","""HUMAN""",2.970754829,0,3,100,'',14.376892787,'',0,3,0,100
1.55845627556444E+018,7,0,7,"""ROBOT""",,1558456275,559419372,'',,1558456275,207655857,"""idle""","""HumanDoingOk""","""HumanDoingOk""",True,0,'',[],'',[],0,0,"""proactive_average_takeOneReasses_loyal.pomdpx""","""6.000000""","""16.618307""",[],,0,0,'','',0,0,0,0,'',0,'',0,0,0,0
1.55845627559397E+018,7,0,8,"""OBSERVATION""",,1558456275,583912992,'',,0,0,'','','',False,0,"""LA:0 || H.DET:1 || GRASP:1 || SUCCESS:0 || WARN:0 || IDLE:0 || FAIL:0 || SUBTASKST:\","[0, 1, 1, 0, 0, 0, 0, 0]",'',"[True, False, True, False, False, False]",4,7,'','','',[],,0,0,'','',0,0,0,0,'',0,'',0,0,0,0
1.55845627698826E+018,7,0,9,"""OBSERVATION""",,1558456276,982799227,'',,0,0,'','','',False,0,"""LA:0 || H.DET:1 || GRASP:1 || SUCCESS:0 || WARN:0 || IDLE:0 || FAIL:0 || SUBTASKST:\","[0, 1, 1, 0, 0, 0, 0, 1]",'',"[True, False, False, True, False, False]",12,39,'','','',[],,0,0,'','',0,0,0,0,'',0,'',0,0,0,0
1.5584562783501E+018,7,4,9,"""SENSOR""",,1558456278,350493014,'',,0,0,'','','',False,0,'',[],'',[],0,0,'','',"""16.618307""",[],,1558456276,968771856,"""success""","""HUMAN""",3.120140926,0,4,100,'',17.497033713,'',0,3,0,100
1.55845627920601E+018,7,0,9,"""ROBOT""",,1558456279,201455073,'',,1558456278,321469159,"""idle""","""HumanDoingOk""","""HumanDoingOk""",True,0,'',[],'',[],0,0,"""proactive_average_takeOneReasses_loyal.pomdpx""","""6.000000""","""22.380707""",[],,0,0,'','',0,0,0,0,'',0,'',0,0,0,0
1.55845627922638E+018,7,0,10,"""OBSERVATION""",,1558456279,221210213,'',,0,0,'','','',False,0,"""LA:0 || H.DET:1 || GRASP:1 || SUCCESS:0 || WARN:0 || IDLE:0 || FAIL:0 || SUBTASKST:\","[0, 1, 1, 0, 0, 0, 0, 0]",'',"[True, False, True, False, False, False]",4,7,'','','',[],,0,0,'','',0,0,0,0,'',0,'',0,0,0,0
1.5584562806119E+018,7,0,11,"""OBSERVATION""",,1558456280,607251426,'',,0,0,'','','',False,0,"""LA:0 || H.DET:1 || GRASP:1 || SUCCESS:0 || WARN:0 || IDLE:0 || FAIL:0 || SUBTASKST:\","[0, 1, 1, 0, 0, 0, 0, 1]",'',"[True, False, False, True, False, False]",12,39,'','','',[],,0,0,'','',0,0,0,0,'',0,'',0,0,0,0
1.55845628200691E+018,7,5,11,"""SENSOR""",,1558456282,7536464,'',,0,0,'','','',False,0,'',[],'',[],0,0,'','',"""22.380707""",[],,1558456280,594329837,"""success""","""HUMAN""",3.625699787,0,5,100,'',21.1227335,'',0,3,0,100
1.55845628230513E+018,7,0,11,"""ROBOT""",,1558456282,300264844,'',,1558456281,978656294,"""idle""","""HumanDoingOk""","""HumanDoingOk""",True,0,'',[],'',[],0,0,"""proactive_average_takeOneReasses_loyal.pomdpx""","""6.000000""","""28.143106""",[],,0,0,'','',0,0,0,0,'',0,'',0,0,0,0
1.55845628232795E+018,7,0,12,"""OBSERVATION""",,1558456282,322731218,'',,0,0,'','','',False,0,"""LA:0 || H.DET:1 || GRASP:1 || SUCCESS:0 || WARN:0 || IDLE:0 || FAIL:0 || SUBTASKST:\","[0, 1, 1, 0, 0, 0, 0, 0]",'',"[True, False, True, False, False, False]",4,7,'','','',[],,0,0,'','',0,0,0,0,'',0,'',0,0,0,0
1.55845628373623E+018,7,0,13,"""OBSERVATION""",,1558456283,731178340,'',,0,0,'','','',False,0,"""LA:0 || H.DET:1 || GRASP:1 || SUCCESS:0 || WARN:0 || IDLE:0 || FAIL:0 || SUBTASKST:\","[0, 1, 1, 0, 0, 0, 0, 1]",'',"[True, False, False, True, False, False]",12,39,'','','',[],,0,0,'','',0,0,0,0,'',0,'',0,0,0,0
1.55845628509909E+018,7,6,13,"""SENSOR""",,1558456285,100027862,'',,0,0,'','','',False,0,'',[],'',[],0,0,'','',"""28.143106""",[],,1558456283,716611127,"""success""","""HUMAN""",3.122208109,0,6,100,'',24.244941609,'',0,3,0,100
1.55845628520653E+018,7,0,13,"""ROBOT""",,1558456285,200510180,'',,1558456285,72478786,"""idle""","""HumanDoingOk""","""HumanDoingOk""",True,0,'',[],'',[],0,0,"""proactive_average_takeOneReasses_loyal.pomdpx""","""6.000000""","""33.905506""",[],,0,0,'','',0,0,0,0,'',0,'',0,0,0,0
1.55845628523006E+018,7,0,14,"""OBSERVATION""",,1558456285,224349209,'',,0,0,'','','',False,0,"""LA:0 || H.DET:1 || GRASP:0 || SUCCESS:0 || WARN:0 || IDLE:1 || FAIL:0 || SUBTASKST:\","[0, 1, 0, 0, 0, 1, 0, 0]",'',"[True, False, False, False, False, True]",9,35,'','','',[],,0,0,'','',0,0,0,0,'',0,'',0,0,0,0
1.55845628827188E+018,7,0,14,"""ROBOT""",,1558456288,263181175,'',,1558456286,583795170,"""idle""","""HumanDoingOk""","""HumanDoingOk""",True,0,'',[],'',[],0,0,"""proactive_average_takeOneReasses_loyal.pomdpx""","""0.000000""","""33.905506""",[],,0,0,'','',0,0,0,0,'',0,'',0,0,0,0
1.55845628829686E+018,7,0,15,"""OBSERVATION""",,1558456288,291008606,'',,0,0,'','','',False,0,"""LA:0 || H.DET:1 || GRASP:0 || SUCCESS:0 || WARN:0 || IDLE:1 || FAIL:0 || SUBTASKST:\","[0, 1, 0, 0, 0, 1, 0, 0]",'',"[True, False, False, False, False, True]",9,35,'','','',[],,0,0,'','',0,0,0,0,'',0,'',0,0,0,0
1.55845629129638E+018,7,0,15,"""ROBOT""",,1558456291,291412903,'',,1558456289,668983012,"""planning for grasping""","""HumanDoingOk""","""HumanDoingOk""",True,0,'',[],'',[],0,0,"""proactive_average_takeOneReasses_loyal.pomdpx""","""0.000000""","""33.905506""",[],,0,0,'','',0,0,0,0,'',0,'',0,0,0,0
1.55845629131993E+018,7,0,16,"""OBSERVATION""",,1558456291,314152053,'',,0,0,'','','',False,0,"""LA:0 || H.DET:1 || GRASP:0 || SUCCESS:0 || WARN:0 || IDLE:1 || FAIL:0 || SUBTASKST:\","[0, 1, 0, 0, 0, 1, 0, 0]",'',"[True, False, False, False, False, True]",9,35,'','','',[],,0,0,'','',0,0,0,0,'',0,'',0,0,0,0
1.55845629433075E+018,7,0,16,"""ROBOT""",,1558456294,325271274,'',,1558456292,696631726,"""planning for grasping""","""MayBeTired""","""MayBeTired""",True,0,'',[],'',[],0,0,"""proactive_average_takeOneReasses_loyal.pomdpx""","""0.000000""","""33.905506""",[],,0,0,'','',0,0,0,0,'',0,'',0,0,0,0
1.55845629435517E+018,7,0,17,"""OBSERVATION""",,1558456294,349098651,'',,0,0,'','','',False,0,"""LA:0 || H.DET:1 || GRASP:0 || SUCCESS:0 || WARN:0 || IDLE:1 || FAIL:0 || SUBTASKST:\","[0, 1, 0, 0, 0, 1, 0, 0]",'',"[True, False, False, False, False, True]",9,35,'','','',[],,0,0,'','',0,0,0,0,'',0,'',0,0,0,0
1.55845629733504E+018,7,0,17,"""ROBOT""",,1558456297,330026609,'',,1558456295,723382089,"""planning for grasping""","""MayBeTired""","""MayBeTired""",True,0,'',[],'',[],0,0,"""proactive_average_takeOneReasses_loyal.pomdpx""","""0.000000""","""33.905506""",[],,0,0,'','',0,0,0,0,'',0,'',0,0,0,0
1.55845629735811E+018,7,0,18,"""OBSERVATION""",,1558456297,352135755,'',,0,0,'','','',False,0,"""LA:0 || H.DET:1 || GRASP:0 || SUCCESS:0 || WARN:0 || IDLE:1 || FAIL:0 || SUBTASKST:\","[0, 1, 0, 0, 0, 1, 0, 0]",'',"[True, False, False, False, False, True]",9,35,'','','',[],,0,0,'','',0,0,0,0,'',0,'',0,0,0,0
1.55845630950073E+018,7,7,18,"""SENSOR""",,1558456309,501356758,'',,0,0,'','','',False,0,'',[],'',[],0,0,'','',"""33.905506""",[],,1558456306,711760791,"""ROBOT SUCCEEDED""","""ROBOT""",22.99588489,0,7,100,'',47.240826499,'',0,3,0,100
1.5584563107505E+018,7,0,18,"""ROBOT""",,1558456310,745612389,'',,1558456298,745221029,"""grasp""","""NeedsHelp""","""NeedsHelp""",True,0,'',[],'',[],0,0,"""proactive_average_takeOneReasses_loyal.pomdpx""","""0.000000""","""33.905506""",[],,0,0,'','',0,0,0,0,'',0,'',0,0,0,0
1.55845631077332E+018,7,0,19,"""OBSERVATION""",,1558456310,766461316,'',,0,0,'','','',False,0,"""LA:0 || H.DET:1 || GRASP:1 || SUCCESS:0 || WARN:0 || IDLE:0 || FAIL:0 || SUBTASKST:\","[0, 1, 1, 0, 0, 0, 0, 0]",'',"[True, False, True, False, False, False]",4,7,'','','',[],,0,0,'','',0,0,0,0,'',0,'',0,0,0,0
1.55845631218457E+018,7,0,20,"""OBSERVATION""",,1558456312,179917005,'',,0,0,'','','',False,0,"""LA:0 || H.DET:1 || GRASP:1 || SUCCESS:0 || WARN:0 || IDLE:0 || FAIL:0 || SUBTASKST:\","[0, 1, 1, 0, 0, 0, 0, 3]",'',"[True, False, False, True, False, False]",13,23,'','','',[],,0,0,'','',0,0,0,0,'',0,'',0,0,0,0
1.55845631357257E+018,7,8,20,"""SENSOR""",,1558456313,573224532,'',,0,0,'','','',False,0,'',[],'',[],0,0,'','',"""33.905506""",[],,1558456312,165618227,"""fail""","""HUMAN""",5.452720634,1,7,87.5,'',52.693547133,'',0,3,0,100
1.55845631489257E+018,7,0,21,"""OBSERVATION""",,1558456314,883941216,'',,0,0,'','','',False,0,"""LA:0 || H.DET:1 || GRASP:1 || SUCCESS:0 || WARN:0 || IDLE:0 || FAIL:0 || SUBTASKST:\","[0, 1, 1, 0, 0, 0, 0, 3]",'',"[True, False, False, True, False, False]",13,23,'','','',[],,0,0,'','',0,0,0,0,'',0,'',0,0,0,0
1.55845631627612E+018,7,9,21,"""SENSOR""",,1558456316,276644757,'',,0,0,'','','',False,0,'',[],'',[],0,0,'','',"""33.905506""",[],,1558456314,867354721,"""fail""","""HUMAN""",2.701049039,2,7,77.7777777778,'',55.394596172,'',0,3,0,100
1.55845631773504E+018,7,0,22,"""OBSERVATION""",,1558456317,725864505,'',,0,0,'','','',False,0,"""LA:0 || H.DET:1 || GRASP:1 || SUCCESS:1 || WARN:0 || IDLE:0 || FAIL:0 || SUBTASKST:\","[0, 1, 1, 1, 0, 0, 0, 1]",'',"[True, False, False, True, False, False]",5,15,'','','',[],,0,0,'','',0,0,0,0,'',0,'',0,0,0,0
1.55845631916891E+018,7,0,22,"""ROBOT""",,1558456319,163387088,'',,1558456319,110578334,"""idle""","""GlobalSuccess""","""GlobalSuccess""",True,0,'',[],'',[],0,0,"""proactive_average_takeOneReasses_loyal.pomdpx""","""0.000000""","""28.263105""",[],,0,0,'','',0,0,0,0,'',0,'',0,0,0,0
1.55845631918393E+018,7,10,22,"""SENSOR""",,1558456319,184428160,'',,0,0,'','','',False,0,'',[],'',[],0,0,'','',"""28.263105""",[],,1558456317,706864742,"""success""","""HUMAN""",2.839373932,2,8,80,'',58.233970104,'',0,4,0,100
1.55845631918404E+018,7,10,22,"""MANAGER-TASK-DONE""",,1558456319,184565541,'',,0,0,'','','',False,0,'',[],'',[],0,0,'','',"""28.263105""",[],,1558456317,706864742,'','',0,2,8,80,"""success""",58.233970104,'',0,4,0,100
