rosbagTimestamp,task_id,step_count,who_reports,update_received_time,secs,nsecs,human_model,action_taken_time,secs,nsecs,taken_action,belief_state,real_state,isEstimationCorrect,warnings_count,real_obs_received,obs_with_noise,human_observables,task_status,who_succeeded,robot_model,immediate_reward,total_disc_reward,robot_belief
1.54154372404712E+018,6895,0,"""MANAGER""",,1541543724,46026563,"""beginner_nontired_noncollaborative.POMDPx""",,0,0,'','','',False,0,'','',[],"""START""",'',"""reactive.pomdpx""",'','',[]
1.54154372507924E+018,6895,0,"""ROBOT""",,1541543725,77534325,'',,1541543725,75544943,"""idle""","""TaskHuman""","""TaskHuman""",True,0,'','',[],'','',"""reactive.pomdpx""",'','',[]
1.54154372719419E+018,6895,0,"""OBSERVATION""",,1541543727,192830102,'',,0,0,'','','',False,0,"""LA","""LA","[True, False, False, False, False, True]","""ONGOING""",'','','','',[]
1.54154372829083E+018,6895,0,"""HUMAN""",,1541543728,287278458,"""beginner_nontired_noncollaborative.POMDPx""",,1541543724,924340405,"""2""","""TaskHuman""","""TaskHuman""",True,0,'','',[],'','','','','',[]
1.54154372829637E+018,6895,1,"""ROBOT""",,1541543728,295308966,'',,1541543728,258547112,"""idle""","""TaskHuman""","""TaskHuman""",True,0,'','',[],'','',"""reactive.pomdpx""","""0""","""0""",[]
1.54154373382771E+018,6895,1,"""SENSORS""",,1541543733,827532297,'',,0,0,'','','',False,0,'','',[],"""SUCCESS""","""human""",'','','',[]
1.54154373731391E+018,6895,1,"""OBSERVATION""",,1541543737,312345369,'',,0,0,'','','',False,0,"""LA","""LA","[True, False, True, False, False, False]","""SUCCESS""","""human""",'','','',[]
1.54154373839865E+018,6895,1,"""HUMAN""",,1541543738,396574185,"""beginner_nontired_noncollaborative.POMDPx""",,1541543729,359613111,"""0""","""Evaluating""","""Evaluating""",True,0,'','',[],'','','','','',[]
1.54154373840611E+018,6895,2,"""ROBOT""",,1541543738,405064046,'',,1541543738,388299674,"""idle""","""GlobalSuccess""","""GlobalSuccess""",True,0,'','',[],'','',"""reactive.pomdpx""","""6""","""5.7624""",[]
1.54154373841876E+018,6895,2,"""HUMAN""",,1541543738,415293037,"""beginner_nontired_noncollaborative.POMDPx""",,1541543729,359613111,"""0""","""Evaluating""","""GlobalSuccess""",False,0,'','',[],'','','','','',[]
1.54154375005417E+018,6896,0,"""MANAGER""",,1541543750,53902573,"""beginner_nontired_noncollaborative.POMDPx""",,0,0,'','','',False,0,'','',[],"""START""",'',"""reactive.pomdpx""",'','',[]
1.54154375109892E+018,6896,0,"""ROBOT""",,1541543751,97105234,'',,1541543751,94261757,"""idle""","""TaskHuman""","""TaskHuman""",True,0,'','',[],'','',"""reactive.pomdpx""","""6""","""5.7624""",[]
1.54154375110843E+018,6896,0,"""HUMAN""",,1541543751,105422820,"""beginner_nontired_noncollaborative.POMDPx""",,1541543750,908139351,"""2""","""TaskHuman""","""TaskHuman""",True,0,'','',[],'','','','','',[]
1.54154375111453E+018,6896,1,"""ROBOT""",,1541543751,113587371,'',,1541543751,94261757,"""idle""","""TaskHuman""","""TaskHuman""",True,0,'','',[],'','',"""reactive.pomdpx""","""0""","""0""",[]
1.54154375682748E+018,6896,1,"""SENSORS""",,1541543756,827331258,'',,0,0,'','','',False,0,'','',[],"""SUCCESS""","""human""",'','','',[]
1.54154375996084E+018,6896,1,"""OBSERVATION""",,1541543759,959494299,'',,0,0,'','','',False,0,"""LA","""LA","[True, False, True, False, False, False]","""SUCCESS""","""human""",'','','',[]
1.54154376103768E+018,6896,1,"""HUMAN""",,1541543761,35354446,"""beginner_nontired_noncollaborative.POMDPx""",,1541543752,175067711,"""0""","""Evaluating""","""Evaluating""",True,0,'','',[],'','','','','',[]
1.54154376104387E+018,6896,2,"""ROBOT""",,1541543761,42779370,'',,1541543761,26844981,"""idle""","""GlobalSuccess""","""GlobalSuccess""",True,0,'','',[],'','',"""reactive.pomdpx""","""6""","""5.88""",[]
1.54154376105473E+018,6896,2,"""HUMAN""",,1541543761,51169576,"""beginner_nontired_noncollaborative.POMDPx""",,1541543752,175067711,"""0""","""Evaluating""","""GlobalSuccess""",False,0,'','',[],'','','','','',[]
1.54154377181269E+018,6897,0,"""MANAGER""",,1541543771,812443321,"""beginner_nontired_noncollaborative.POMDPx""",,0,0,'','','',False,0,'','',[],"""START""",'',"""reactive.pomdpx""",'','',[]
1.54154377285404E+018,6897,0,"""ROBOT""",,1541543772,852474080,'',,1541543772,850524754,"""idle""","""TaskHuman""","""TaskHuman""",True,0,'','',[],'','',"""reactive.pomdpx""","""6""","""5.88""",[]
1.5415437750609E+018,6897,0,"""OBSERVATION""",,1541543775,59518448,'',,0,0,'','','',False,0,"""LA","""LA","[True, False, False, False, False, True]","""ONGOING""",'','','','',[]
1.54154377614692E+018,6897,0,"""HUMAN""",,1541543776,143908592,"""beginner_nontired_noncollaborative.POMDPx""",,1541543772,669933889,"""2""","""TaskHuman""","""TaskHuman""",True,0,'','',[],'','','','','',[]
1.54154377615263E+018,6897,1,"""ROBOT""",,1541543776,151666785,'',,1541543776,129079942,"""idle""","""TaskHuman""","""TaskHuman""",True,0,'','',[],'','',"""reactive.pomdpx""","""0""","""0""",[]
1.54154378887747E+018,6897,1,"""OBSERVATION""",,1541543788,876160091,'',,0,0,'','','',False,0,"""LA","""LA","[True, False, False, True, False, False]","""ONGOING""",'','','','',[]
1.54154378994659E+018,6897,1,"""HUMAN""",,1541543789,944590511,"""beginner_nontired_noncollaborative.POMDPx""",,1541543777,226847002,"""0""","""Evaluating""","""Evaluating""",True,0,'','',[],'','','','','',[]
1.54154378995332E+018,6897,2,"""ROBOT""",,1541543789,952378151,'',,1541543789,936753101,"""idle""","""TaskHuman""","""TaskHuman""",True,0,'','',[],'','',"""reactive.pomdpx""","""0""","""0""",[]
1.54154379429418E+018,6897,2,"""OBSERVATION""",,1541543794,292843527,'',,0,0,'','','',False,0,"""LA","""LA","[True, False, False, False, False, True]","""ONGOING""",'','','','',[]
1.54154379967674E+018,6897,2,"""HUMAN""",,1541543799,674453692,"""beginner_nontired_noncollaborative.POMDPx""",,1541543791,20244770,"""2""","""FailedToGrasp""","""FailedToGrasp""",True,0,'','',[],'','','','','',[]
1.54154379968181E+018,6897,3,"""ROBOT""",,1541543799,681004006,'',,1541543795,372579042,"""grasp""","""HumanNeedsHelp""","""WarningReceived""",False,0,'','',[],'','',"""reactive.pomdpx""","""-3""","""-2.82358""",[]
1.54154380259403E+018,6897,3,"""OBSERVATION""",,1541543802,592812654,'',,0,0,'','','',False,0,"""LA","""LA","[True, False, False, False, True, False]","""ONGOING""",'','','','',[]
1.54154380398672E+018,6897,3,"""HUMAN""",,1541543803,984718234,"""beginner_nontired_noncollaborative.POMDPx""",,1541543800,744049040,"""4""","""WarningTheRobot""","""WarningTheRobot""",True,1,'','',[],'','','','','',[]
1.54154380399313E+018,6897,4,"""ROBOT""",,1541543803,992055991,'',,1541543803,655290439,"""cancel all actions""","""WarningReceived""","""WarningReceived""",True,0,'','',[],'','',"""reactive.pomdpx""","""0""","""-2.82358""",[]
1.54154380742804E+018,6897,4,"""OBSERVATION""",,1541543807,426716558,'',,0,0,'','','',False,0,"""LA","""LA","[True, False, False, False, False, True]","""ONGOING""",'','','','',[]
1.54154382429302E+018,6897,4,"""SENSORS""",,1541543824,292860770,'',,0,0,'','','',False,0,'','',[],"""FAIL""",'','','','',[]
1.54154396266913E+018,6897,4,"""HUMAN""",,1541543962,666571930,"""beginner_nontired_noncollaborative.POMDPx""",,1541543805,57610867,"""2""","""RobotIsWarned""","""RobotIsWarned""",True,1,'','',[],'','','','','',[]
1.54154396267507E+018,6897,5,"""HUMAN""",,1541543962,672859327,"""beginner_nontired_noncollaborative.POMDPx""",,1541543805,57610867,"""2""","""RobotIsWarned""","""GlobalFail""",False,1,'','',[],'','','','','',[]
1.54154397877674E+018,6898,0,"""MANAGER""",,1541543978,776507845,"""beginner_nontired_noncollaborative.POMDPx""",,0,0,'','','',False,0,'','',[],"""START""",'',"""reactive.pomdpx""",'','',[]
1.54154397980628E+018,6898,0,"""ROBOT""",,1541543979,804672185,'',,1541543979,802456978,"""idle""","""TaskHuman""","""TaskHuman""",True,0,'','',[],'','',"""reactive.pomdpx""","""0""","""-2.82358""",[]
1.5415439816275E+018,6898,0,"""OBSERVATION""",,1541543981,626173174,'',,0,0,'','','',False,0,"""LA","""LA","[True, False, False, False, False, True]","""ONGOING""",'','','','',[]
1.54154398271422E+018,6898,0,"""HUMAN""",,1541543982,711346026,"""beginner_nontired_noncollaborative.POMDPx""",,1541543979,666906049,"""2""","""TaskHuman""","""TaskHuman""",True,0,'','',[],'','','','','',[]
1.54154398271966E+018,6898,1,"""ROBOT""",,1541543982,718714209,'',,1541543982,696606899,"""idle""","""TaskHuman""","""TaskHuman""",True,0,'','',[],'','',"""reactive.pomdpx""","""0""","""0""",[]
1.54154399556067E+018,6898,1,"""OBSERVATION""",,1541543995,559472126,'',,0,0,'','','',False,0,"""LA","""LA","[True, False, False, True, False, False]","""ONGOING""",'','','','',[]
1.54154399663025E+018,6898,1,"""HUMAN""",,1541543996,628126337,"""beginner_nontired_noncollaborative.POMDPx""",,1541543983,784204841,"""0""","""Evaluating""","""Evaluating""",True,0,'','',[],'','','','','',[]
1.54154399663585E+018,6898,2,"""ROBOT""",,1541543996,634721618,'',,1541543996,620509201,"""idle""","""TaskHuman""","""TaskHuman""",True,0,'','',[],'','',"""reactive.pomdpx""","""0""","""0""",[]
1.54154400046086E+018,6898,2,"""OBSERVATION""",,1541544000,459482102,'',,0,0,'','','',False,0,"""LA","""LA","[True, False, False, False, False, True]","""ONGOING""",'','','','',[]
1.54154400586082E+018,6898,2,"""HUMAN""",,1541544005,858744570,"""beginner_nontired_noncollaborative.POMDPx""",,1541543997,697691998,"""2""","""FailedToGrasp""","""FailedToGrasp""",True,0,'','',[],'','','','','',[]
1.54154400586523E+018,6898,3,"""ROBOT""",,1541544005,864389156,'',,1541544001,524998964,"""grasp""","""HumanNeedsHelp""","""WarningReceived""",False,0,'','',[],'','',"""reactive.pomdpx""","""-3""","""-2.82358""",[]
1.54154400899411E+018,6898,3,"""OBSERVATION""",,1541544008,992854539,'',,0,0,'','','',False,0,"""LA","""LA","[True, False, False, False, True, False]","""ONGOING""",'','','','',[]
1.5415440103536E+018,6898,3,"""HUMAN""",,1541544010,351554717,"""beginner_nontired_noncollaborative.POMDPx""",,1541544006,934130727,"""4""","""WarningTheRobot""","""WarningTheRobot""",True,1,'','',[],'','','','','',[]
1.5415440103581E+018,6898,4,"""ROBOT""",,1541544010,357283926,'',,1541544010,57154246,"""cancel all actions""","""WarningReceived""","""WarningReceived""",True,0,'','',[],'','',"""reactive.pomdpx""","""0""","""-2.82358""",[]
1.54154401367747E+018,6898,4,"""OBSERVATION""",,1541544013,676178205,'',,0,0,'','','',False,0,"""LA","""LA","[True, False, False, False, False, True]","""ONGOING""",'','','','',[]
1.54154401901042E+018,6898,4,"""HUMAN""",,1541544019,7979485,"""beginner_nontired_noncollaborative.POMDPx""",,1541544011,413705628,"""2""","""RobotIsWarned""","""RobotIsWarned""",True,1,'','',[],'','','','','',[]
1.54154401901479E+018,6898,5,"""ROBOT""",,1541544019,14014979,'',,1541544014,742785145,"""grasp""","""HumanNeedsHelp""","""TaskHuman""",False,0,'','',[],'','',"""reactive.pomdpx""","""0""","""-2.82358""",[]
1.54154403064316E+018,6898,5,"""OBSERVATION""",,1541544022,326390459,'',,0,0,'','','',False,0,"""LA","""LA","[True, False, False, False, False, True]","""ONGOING""",'','','','',[]
1.54154403064325E+018,6898,5,"""SENSORS""",,1541544030,643087854,'',,0,0,'','','',False,0,'','',[],"""SUCCESS""","""robot""",'','','',[]
1.54154403198648E+018,6898,5,"""HUMAN""",,1541544031,984472190,"""beginner_nontired_noncollaborative.POMDPx""",,1541544020,76030495,"""2""","""RobotInterfered""","""RobotInterfered""",True,1,'','',[],'','','','','',[]
1.54154403199236E+018,6898,6,"""ROBOT""",,1541544031,991309824,'',,1541544031,697178253,"""grasp""","""HumanNeedsHelp""","""GlobalSuccess""",False,0,'','',[],'','',"""reactive.pomdpx""","""6""","""2.49148""",[]
1.54154403200302E+018,6898,6,"""HUMAN""",,1541544031,999625858,"""beginner_nontired_noncollaborative.POMDPx""",,1541544020,76030495,"""2""","""RobotInterfered""","""GlobalSuccess""",False,1,'','',[],'','','','','',[]
1.54154404295459E+018,6899,0,"""MANAGER""",,1541544042,954462290,"""beginner_nontired_noncollaborative.POMDPx""",,0,0,'','','',False,0,'','',[],"""START""",'',"""reactive.pomdpx""",'','',[]
1.54154404402813E+018,6899,0,"""ROBOT""",,1541544044,26441994,'',,1541544044,24573228,"""idle""","""TaskHuman""","""TaskHuman""",True,0,'','',[],'','',"""reactive.pomdpx""","""6""","""2.49148""",[]
1.54154404612762E+018,6899,0,"""OBSERVATION""",,1541544046,126205108,'',,0,0,'','','',False,0,"""LA","""LA","[True, False, False, False, False, True]","""ONGOING""",'','','','',[]
1.54154404722191E+018,6899,0,"""HUMAN""",,1541544047,218783355,"""beginner_nontired_noncollaborative.POMDPx""",,1541544043,818018157,"""2""","""TaskHuman""","""TaskHuman""",True,0,'','',[],'','','','','',[]
1.5415440472276E+018,6899,1,"""ROBOT""",,1541544047,226635020,'',,1541544047,202993366,"""idle""","""TaskHuman""","""TaskHuman""",True,0,'','',[],'','',"""reactive.pomdpx""","""0""","""0""",[]
1.54154405282755E+018,6899,1,"""SENSORS""",,1541544052,827406790,'',,0,0,'','','',False,0,'','',[],"""SUCCESS""","""human""",'','','',[]
1.54154405644403E+018,6899,1,"""OBSERVATION""",,1541544056,442795471,'',,0,0,'','','',False,0,"""LA","""LA","[True, False, True, False, False, False]","""SUCCESS""","""human""",'','','',[]
1.54154405750577E+018,6899,1,"""HUMAN""",,1541544057,503772230,"""beginner_nontired_noncollaborative.POMDPx""",,1541544048,290289845,"""0""","""Evaluating""","""Evaluating""",True,0,'','',[],'','','','','',[]
1.54154405751096E+018,6899,2,"""ROBOT""",,1541544057,510040972,'',,1541544057,496022445,"""idle""","""GlobalSuccess""","""GlobalSuccess""",True,0,'','',[],'','',"""reactive.pomdpx""","""6""","""5.7624""",[]
1.54154405752176E+018,6899,2,"""HUMAN""",,1541544057,518819098,"""beginner_nontired_noncollaborative.POMDPx""",,1541544048,290289845,"""0""","""Evaluating""","""GlobalSuccess""",False,0,'','',[],'','','','','',[]
1.54154406916724E+018,6900,0,"""MANAGER""",,1541544069,167143200,"""beginner_nontired_noncollaborative.POMDPx""",,0,0,'','','',False,0,'','',[],"""START""",'',"""reactive.pomdpx""",'','',[]
1.5415440701975E+018,6900,0,"""ROBOT""",,1541544070,195761535,'',,1541544070,193923308,"""idle""","""TaskHuman""","""TaskHuman""",True,0,'','',[],'','',"""reactive.pomdpx""","""6""","""5.7624""",[]
1.54154407207737E+018,6900,0,"""OBSERVATION""",,1541544072,76177097,'',,0,0,'','','',False,0,"""LA","""LA","[True, False, False, False, False, True]","""ONGOING""",'','','','',[]
1.54154407316112E+018,6900,0,"""HUMAN""",,1541544073,158223119,"""beginner_nontired_noncollaborative.POMDPx""",,1541544070,35420741,"""2""","""TaskHuman""","""TaskHuman""",True,0,'','',[],'','','','','',[]
1.54154407316613E+018,6900,1,"""ROBOT""",,1541544073,165346352,'',,1541544073,142756975,"""idle""","""TaskHuman""","""TaskHuman""",True,0,'','',[],'','',"""reactive.pomdpx""","""0""","""0""",[]
1.54154407882778E+018,6900,1,"""SENSORS""",,1541544078,827604398,'',,0,0,'','','',False,0,'','',[],"""SUCCESS""","""human""",'','','',[]
1.54154408191077E+018,6900,1,"""OBSERVATION""",,1541544081,909516428,'',,0,0,'','','',False,0,"""LA","""LA","[True, False, True, False, False, False]","""SUCCESS""","""human""",'','','',[]
1.54154408299212E+018,6900,1,"""HUMAN""",,1541544082,989981304,"""beginner_nontired_noncollaborative.POMDPx""",,1541544074,229829692,"""0""","""Evaluating""","""Evaluating""",True,0,'','',[],'','','','','',[]
1.54154408299812E+018,6900,2,"""ROBOT""",,1541544082,997248583,'',,1541544082,981790468,"""idle""","""GlobalSuccess""","""GlobalSuccess""",True,0,'','',[],'','',"""reactive.pomdpx""","""6""","""5.7624""",[]
1.54154408301219E+018,6900,2,"""HUMAN""",,1541544083,8180118,"""beginner_nontired_noncollaborative.POMDPx""",,1541544074,229829692,"""0""","""Evaluating""","""GlobalSuccess""",False,0,'','',[],'','','','','',[]
1.54154409430249E+018,6901,0,"""MANAGER""",,1541544094,302303679,"""beginner_tired_collaborative.POMDPx""",,0,0,'','','',False,0,'','',[],"""START""",'',"""reactive.pomdpx""",'','',[]
1.54154409536218E+018,6901,0,"""ROBOT""",,1541544095,360480478,'',,1541544095,358350012,"""idle""","""TaskHuman""","""TaskHuman""",True,0,'','',[],'','',"""reactive.pomdpx""","""6""","""5.7624""",[]
1.54154409759422E+018,6901,0,"""OBSERVATION""",,1541544097,592821908,'',,0,0,'','','',False,0,"""LA","""LA","[True, False, False, False, False, True]","""ONGOING""",'','','','',[]
1.54154409867511E+018,6901,0,"""HUMAN""",,1541544098,672138049,"""beginner_tired_collaborative.POMDPx""",,1541544095,157207246,"""2""","""TaskHuman""","""TaskHuman""",True,0,'','',[],'','','','','',[]
1.54154409868091E+018,6901,1,"""ROBOT""",,1541544098,679955630,'',,1541544098,657027180,"""idle""","""TaskHuman""","""TaskHuman""",True,0,'','',[],'','',"""reactive.pomdpx""","""0""","""0""",[]
1.54154410234408E+018,6901,1,"""OBSERVATION""",,1541544102,342795399,'',,0,0,'','','',False,0,"""LA","""LA","[True, False, False, False, False, True]","""ONGOING""",'','','','',[]
1.54154410341274E+018,6901,1,"""HUMAN""",,1541544103,410432411,"""beginner_tired_collaborative.POMDPx""",,1541544099,751772127,"""2""","""TaskHuman""","""TaskHuman""",True,0,'','',[],'','','','','',[]
1.54154410341787E+018,6901,2,"""ROBOT""",,1541544103,416897007,'',,1541544103,396304429,"""idle""","""TaskHuman""","""TaskHuman""",True,0,'','',[],'','',"""reactive.pomdpx""","""0""","""0""",[]
1.54154410667745E+018,6901,2,"""OBSERVATION""",,1541544106,676248188,'',,0,0,'','','',False,0,"""LA","""LA","[True, False, False, False, False, True]","""ONGOING""",'','','','',[]
1.54154410775409E+018,6901,2,"""HUMAN""",,1541544107,751625717,"""beginner_tired_collaborative.POMDPx""",,1541544104,473839572,"""2""","""Evaluating""","""Evaluating""",True,0,'','',[],'','','','','',[]
1.54154410775931E+018,6901,3,"""ROBOT""",,1541544107,758284172,'',,1541544107,736418271,"""idle""","""TaskHuman""","""TaskHuman""",True,0,'','',[],'','',"""reactive.pomdpx""","""0""","""0""",[]
1.54154411059407E+018,6901,3,"""OBSERVATION""",,1541544110,592883478,'',,0,0,'','','',False,0,"""LA","""LA","[True, False, False, False, False, True]","""ONGOING""",'','','','',[]
1.54154411168897E+018,6901,3,"""HUMAN""",,1541544111,686575471,"""beginner_tired_collaborative.POMDPx""",,1541544108,813452234,"""2""","""Tired""","""Tired""",True,0,'','',[],'','','','','',[]
1.54154411169407E+018,6901,4,"""ROBOT""",,1541544111,693207446,'',,1541544111,673479875,"""idle""","""TaskHuman""","""TaskHuman""",True,0,'','',[],'','',"""reactive.pomdpx""","""0""","""0""",[]
1.5415441152109E+018,6901,4,"""OBSERVATION""",,1541544115,209524432,'',,0,0,'','','',False,0,"""LA","""LA","[True, False, False, False, False, True]","""ONGOING""",'','','','',[]
1.54154411630397E+018,6901,4,"""HUMAN""",,1541544116,301342400,"""beginner_tired_collaborative.POMDPx""",,1541544112,750208190,"""2""","""Tired""","""Tired""",True,0,'','',[],'','','','','',[]
1.54154411630878E+018,6901,5,"""ROBOT""",,1541544116,307836703,'',,1541544116,286443180,"""idle""","""TaskHuman""","""TaskHuman""",True,0,'','',[],'','',"""reactive.pomdpx""","""0""","""0""",[]
1.54154411984426E+018,6901,5,"""OBSERVATION""",,1541544119,843033145,'',,0,0,'','','',False,0,"""LA","""LA","[True, False, False, False, False, True]","""ONGOING""",'','','','',[]
1.54154412516162E+018,6901,5,"""HUMAN""",,1541544125,159297161,"""beginner_tired_collaborative.POMDPx""",,1541544117,366659899,"""2""","""Tired""","""Tired""",True,0,'','',[],'','','','','',[]
1.54154412516627E+018,6901,6,"""ROBOT""",,1541544125,165322248,'',,1541544120,918754489,"""grasp""","""HumanNeedsHelp""","""WarningReceived""",False,0,'','',[],'','',"""reactive.pomdpx""","""-3""","""-2.65753""",[]
1.54154412782739E+018,6901,6,"""OBSERVATION""",,1541544127,826158820,'',,0,0,'','','',False,0,"""LA","""LA","[True, False, False, False, True, False]","""ONGOING""",'','','','',[]
1.54154412913693E+018,6901,6,"""HUMAN""",,1541544129,134616076,"""beginner_tired_collaborative.POMDPx""",,1541544126,218824804,"""4""","""WarningTheRobot""","""WarningTheRobot""",True,1,'','',[],'','','','','',[]
1.54154412914211E+018,6901,7,"""ROBOT""",,1541544129,140908158,'',,1541544128,883150123,"""cancel all actions""","""WarningReceived""","""WarningReceived""",True,0,'','',[],'','',"""reactive.pomdpx""","""0""","""-2.65753""",[]
1.541544132661E+018,6901,7,"""OBSERVATION""",,1541544132,659597863,'',,0,0,'','','',False,0,"""LA","""LA","[True, False, False, False, False, True]","""ONGOING""",'','','','',[]
1.54154413801013E+018,6901,7,"""HUMAN""",,1541544138,8049129,"""beginner_tired_collaborative.POMDPx""",,1541544130,210331110,"""2""","""RobotIsWarned""","""RobotIsWarned""",True,1,'','',[],'','','','','',[]
1.54154413801475E+018,6901,8,"""ROBOT""",,1541544138,13947719,'',,1541544133,719706148,"""grasp""","""HumanNeedsHelp""","""WarningReceived""",False,0,'','',[],'','',"""reactive.pomdpx""","""-3""","""-5.20982""",[]
1.54154414700975E+018,6901,8,"""OBSERVATION""",,1541544140,109474503,'',,0,0,'','','',False,0,"""LA","""LA","[True, False, False, False, True, False]","""ONGOING""",'','','','',[]
1.54154414825321E+018,6901,8,"""HUMAN""",,1541544148,251311112,"""beginner_tired_collaborative.POMDPx""",,1541544139,81129993,"""4""","""WarningTheRobot""","""WarningTheRobot""",True,2,'','',[],'','','','','',[]
1.54154414825814E+018,6901,9,"""ROBOT""",,1541544148,257087030,'',,1541544148,80351052,"""cancel all actions""","""WarningReceived""","""WarningReceived""",True,0,'','',[],'','',"""reactive.pomdpx""","""0""","""-5.20982""",[]
1.54154415181071E+018,6901,9,"""OBSERVATION""",,1541544151,809482636,'',,0,0,'','','',False,0,"""LA","""LA","[True, False, False, False, False, True]","""ONGOING""",'','','','',[]
1.54154415714237E+018,6901,9,"""HUMAN""",,1541544157,140244535,"""beginner_tired_collaborative.POMDPx""",,1541544149,327968037,"""2""","""RobotIsWarned""","""RobotIsWarned""",True,2,'','',[],'','','','','',[]
1.54154415714697E+018,6901,10,"""ROBOT""",,1541544157,146090663,'',,1541544152,874564946,"""grasp""","""HumanNeedsHelp""","""TaskHuman""",False,0,'','',[],'','',"""reactive.pomdpx""","""0""","""-5.20982""",[]
1.54154416007874E+018,6901,10,"""OBSERVATION""",,1541544160,76248263,'',,0,0,'','','',False,0,"""LA","""LA","[True, False, False, False, False, True]","""ONGOING""",'','','','',[]
1.54154416147626E+018,6901,10,"""HUMAN""",,1541544161,473855379,"""beginner_tired_collaborative.POMDPx""",,1541544158,198600900,"""2""","""RobotInterfered""","""RobotInterfered""",True,2,'','',[],'','','','','',[]
1.54154416148168E+018,6901,11,"""ROBOT""",,1541544161,480875305,'',,1541544161,142790175,"""grasp""","""HumanNeedsHelp""","""TaskHuman""",False,0,'','',[],'','',"""reactive.pomdpx""","""0""","""-5.20982""",[]
1.54154416479427E+018,6901,11,"""OBSERVATION""",,1541544164,792954283,'',,0,0,'','','',False,0,"""LA","""LA","[True, False, False, False, False, True]","""ONGOING""",'','','','',[]
1.54154416624399E+018,6901,11,"""HUMAN""",,1541544166,241575632,"""beginner_tired_collaborative.POMDPx""",,1541544162,560581223,"""2""","""RobotInterfered""","""RobotInterfered""",True,2,'','',[],'','','','','',[]
1.5415441662485E+018,6901,12,"""ROBOT""",,1541544166,247716145,'',,1541544165,850350615,"""grasp""","""HumanNeedsHelp""","""TaskHuman""",False,0,'','',[],'','',"""reactive.pomdpx""","""0""","""-5.20982""",[]
1.54154416882746E+018,6901,12,"""SENSORS""",,1541544168,827250207,'',,0,0,'','','',False,0,'','',[],"""SUCCESS""","""robot""",'','','',[]
1.54154416912748E+018,6901,12,"""OBSERVATION""",,1541544169,126252827,'',,0,0,'','','',False,0,"""LA","""LA","[True, False, False, False, False, True]","""ONGOING""",'','','','',[]
1.54154417036902E+018,6901,12,"""HUMAN""",,1541544170,366871236,"""beginner_tired_collaborative.POMDPx""",,1541544167,304026604,"""2""","""RobotInterfered""","""RobotInterfered""",True,2,'','',[],'','','','','',[]
1.54154417037427E+018,6901,13,"""ROBOT""",,1541544170,373041914,'',,1541544170,198300787,"""grasp""","""HumanNeedsHelp""","""GlobalSuccess""",False,0,'','',[],'','',"""reactive.pomdpx""","""6""","""-0.595682""",[]
1.54154417038556E+018,6901,13,"""HUMAN""",,1541544170,382428994,"""beginner_tired_collaborative.POMDPx""",,1541544167,304026604,"""2""","""RobotInterfered""","""GlobalSuccess""",False,2,'','',[],'','','','','',[]
1.54154418101532E+018,6902,0,"""MANAGER""",,1541544181,15214454,"""beginner_tired_collaborative.POMDPx""",,0,0,'','','',False,0,'','',[],"""START""",'',"""reactive.pomdpx""",'','',[]
1.54154418204493E+018,6902,0,"""ROBOT""",,1541544182,43124909,'',,1541544182,40267372,"""idle""","""TaskHuman""","""TaskHuman""",True,0,'','',[],'','',"""reactive.pomdpx""","""6""","""-0.595682""",[]
1.54154418205587E+018,6902,0,"""HUMAN""",,1541544182,50736175,"""beginner_tired_collaborative.POMDPx""",,1541544181,874241299,"""2""","""TaskHuman""","""TaskHuman""",True,0,'','',[],'','','','','',[]
1.54154418206135E+018,6902,1,"""ROBOT""",,1541544182,60460983,'',,1541544182,40267372,"""idle""","""TaskHuman""","""TaskHuman""",True,0,'','',[],'','',"""reactive.pomdpx""","""0""","""0""",[]
1.54154418506162E+018,6902,1,"""OBSERVATION""",,1541544185,60187007,'',,0,0,'','','',False,0,"""LA","""LA","[True, False, False, False, False, True]","""ONGOING""",'','','','',[]
1.54154418614662E+018,6902,1,"""HUMAN""",,1541544186,144225345,"""beginner_tired_collaborative.POMDPx""",,1541544183,118104663,"""2""","""Tired""","""Tired""",True,0,'','',[],'','','','','',[]
1.54154418615244E+018,6902,2,"""ROBOT""",,1541544186,151481797,'',,1541544186,130188021,"""idle""","""TaskHuman""","""TaskHuman""",True,0,'','',[],'','',"""reactive.pomdpx""","""0""","""0""",[]
1.54154418956077E+018,6902,2,"""OBSERVATION""",,1541544189,559521940,'',,0,0,'','','',False,0,"""LA","""LA","[True, False, False, False, False, True]","""ONGOING""",'','','','',[]
1.54154419064015E+018,6902,2,"""HUMAN""",,1541544190,637799337,"""beginner_tired_collaborative.POMDPx""",,1541544187,210496998,"""2""","""Tired""","""Tired""",True,0,'','',[],'','','','','',[]
1.54154419064532E+018,6902,3,"""ROBOT""",,1541544190,644388922,'',,1541544190,622900168,"""idle""","""TaskHuman""","""TaskHuman""",True,0,'','',[],'','',"""reactive.pomdpx""","""0""","""0""",[]
1.54154419691067E+018,6902,3,"""OBSERVATION""",,1541544196,909456404,'',,0,0,'','','',False,0,"""LA","""LA","[True, True, False, False, False, True]","""ONGOING""",'','','','',[]
1.54154419799275E+018,6902,3,"""HUMAN""",,1541544197,990410050,"""beginner_tired_collaborative.POMDPx""",,1541544191,700792490,"""1""","""Tired""","""Tired""",True,0,'','',[],'','','','','',[]
1.54154419799836E+018,6902,4,"""ROBOT""",,1541544197,997507050,'',,1541544197,974724062,"""idle""","""TaskHuman""","""TaskHuman""",True,0,'','',[],'','',"""reactive.pomdpx""","""0""","""0""",[]
1.54154420216088E+018,6902,4,"""OBSERVATION""",,1541544202,159456500,'',,0,0,'','','',False,0,"""LA","""LA","[True, False, False, False, False, True]","""ONGOING""",'','','','',[]
1.54154420744126E+018,6902,4,"""HUMAN""",,1541544207,439366523,"""beginner_tired_collaborative.POMDPx""",,1541544199,59269414,"""2""","""Tired""","""Tired""",True,0,'','',[],'','','','','',[]
1.5415442074466E+018,6902,5,"""ROBOT""",,1541544207,445810056,'',,1541544203,225947374,"""grasp""","""HumanNeedsHelp""","""TaskHuman""",False,0,'','',[],'','',"""reactive.pomdpx""","""0""","""0""",[]
1.54154421012775E+018,6902,5,"""OBSERVATION""",,1541544210,126606003,'',,0,0,'','','',False,0,"""LA","""LA","[True, False, False, False, False, True]","""ONGOING""",'','','','',[]
1.54154421154285E+018,6902,5,"""HUMAN""",,1541544211,540613227,"""beginner_tired_collaborative.POMDPx""",,1541544208,522571313,"""2""","""RobotInterfered""","""RobotInterfered""",True,0,'','',[],'','','','','',[]
1.5415442115479E+018,6902,6,"""ROBOT""",,1541544211,546894649,'',,1541544211,196295660,"""grasp""","""HumanNeedsHelp""","""TaskHuman""",False,0,'','',[],'','',"""reactive.pomdpx""","""0""","""0""",[]
1.54154421492765E+018,6902,6,"""OBSERVATION""",,1541544214,926287285,'',,0,0,'','','',False,0,"""LA","""LA","[True, False, False, False, False, True]","""ONGOING""",'','','','',[]
1.54154421629352E+018,6902,6,"""HUMAN""",,1541544216,291290045,"""beginner_tired_collaborative.POMDPx""",,1541544212,604587283,"""2""","""RobotInterfered""","""RobotInterfered""",True,0,'','',[],'','','','','',[]
1.54154421629861E+018,6902,7,"""ROBOT""",,1541544216,297760811,'',,1541544216,6433903,"""grasp""","""HumanNeedsHelp""","""TaskHuman""",False,0,'','',[],'','',"""reactive.pomdpx""","""0""","""0""",[]
1.54154421882745E+018,6902,7,"""SENSORS""",,1541544218,827308384,'',,0,0,'','','',False,0,'','',[],"""SUCCESS""","""robot""",'','','',[]
1.54154421942742E+018,6902,7,"""OBSERVATION""",,1541544219,426201298,'',,0,0,'','','',False,0,"""LA","""LA","[True, False, False, False, False, True]","""ONGOING""",'','','','',[]
1.54154422070247E+018,6902,7,"""HUMAN""",,1541544220,700597467,"""beginner_tired_collaborative.POMDPx""",,1541544217,375989480,"""2""","""RobotInterfered""","""RobotInterfered""",True,0,'','',[],'','','','','',[]
1.54154422070821E+018,6902,8,"""ROBOT""",,1541544220,707200171,'',,1541544220,486529108,"""grasp""","""HumanNeedsHelp""","""GlobalSuccess""",False,0,'','',[],'','',"""reactive.pomdpx""","""6""","""5.20875""",[]
1.54154422071864E+018,6902,8,"""HUMAN""",,1541544220,715170585,"""beginner_tired_collaborative.POMDPx""",,1541544217,375989480,"""2""","""RobotInterfered""","""GlobalSuccess""",False,0,'','',[],'','','','','',[]
1.54154423128613E+018,6903,0,"""MANAGER""",,1541544231,286034074,"""beginner_tired_collaborative.POMDPx""",,0,0,'','','',False,0,'','',[],"""START""",'',"""reactive.pomdpx""",'','',[]
1.54154423232008E+018,6903,0,"""ROBOT""",,1541544232,318460515,'',,1541544232,316504432,"""idle""","""TaskHuman""","""TaskHuman""",True,0,'','',[],'','',"""reactive.pomdpx""","""6""","""5.20875""",[]
1.54154423399414E+018,6903,0,"""OBSERVATION""",,1541544233,992819688,'',,0,0,'','','',False,0,"""LA","""LA","[True, False, False, False, False, True]","""ONGOING""",'','','','',[]
1.54154423507126E+018,6903,0,"""HUMAN""",,1541544235,68187914,"""beginner_tired_collaborative.POMDPx""",,1541544232,154129746,"""2""","""TaskHuman""","""TaskHuman""",True,0,'','',[],'','','','','',[]
1.54154423507616E+018,6903,1,"""ROBOT""",,1541544235,75223398,'',,1541544235,54037637,"""idle""","""TaskHuman""","""TaskHuman""",True,0,'','',[],'','',"""reactive.pomdpx""","""0""","""0""",[]
1.54154423824437E+018,6903,1,"""OBSERVATION""",,1541544238,242906493,'',,0,0,'','','',False,0,"""LA","""LA","[True, False, False, False, False, True]","""ONGOING""",'','','','',[]
1.541544239327E+018,6903,1,"""HUMAN""",,1541544239,324778029,"""beginner_tired_collaborative.POMDPx""",,1541544236,133353370,"""2""","""Evaluating""","""Evaluating""",True,0,'','',[],'','','','','',[]
1.5415442393318E+018,6903,2,"""ROBOT""",,1541544239,330946091,'',,1541544239,310046830,"""idle""","""TaskHuman""","""TaskHuman""",True,0,'','',[],'','',"""reactive.pomdpx""","""0""","""0""",[]
1.54154424247792E+018,6903,2,"""OBSERVATION""",,1541544242,476633061,'',,0,0,'','','',False,0,"""LA","""LA","[True, False, False, False, False, True]","""ONGOING""",'','','','',[]
1.54154424355361E+018,6903,2,"""HUMAN""",,1541544243,551486518,"""beginner_tired_collaborative.POMDPx""",,1541544240,382834180,"""2""","""Tired""","""Tired""",True,0,'','',[],'','','','','',[]
1.54154424355952E+018,6903,3,"""ROBOT""",,1541544243,558433317,'',,1541544243,537448638,"""idle""","""TaskHuman""","""TaskHuman""",True,0,'','',[],'','',"""reactive.pomdpx""","""0""","""0""",[]
1.54154424664412E+018,6903,3,"""OBSERVATION""",,1541544246,642844686,'',,0,0,'','','',False,0,"""LA","""LA","[True, False, False, False, False, True]","""ONGOING""",'','','','',[]
1.54154424770807E+018,6903,3,"""HUMAN""",,1541544247,705394574,"""beginner_tired_collaborative.POMDPx""",,1541544244,610752246,"""2""","""Tired""","""Tired""",True,0,'','',[],'','','','','',[]
1.54154424771254E+018,6903,4,"""ROBOT""",,1541544247,711693119,'',,1541544247,691186251,"""idle""","""TaskHuman""","""TaskHuman""",True,0,'','',[],'','',"""reactive.pomdpx""","""0""","""0""",[]
1.54154425071073E+018,6903,4,"""OBSERVATION""",,1541544250,709520102,'',,0,0,'','','',False,0,"""LA","""LA","[True, False, False, False, False, True]","""ONGOING""",'','','','',[]
1.54154425178631E+018,6903,4,"""HUMAN""",,1541544251,783560567,"""beginner_tired_collaborative.POMDPx""",,1541544248,761906824,"""2""","""Tired""","""Tired""",True,0,'','',[],'','','','','',[]
1.5415442517916E+018,6903,5,"""ROBOT""",,1541544251,790526911,'',,1541544251,770185706,"""idle""","""TaskHuman""","""TaskHuman""",True,0,'','',[],'','',"""reactive.pomdpx""","""0""","""0""",[]
1.54154425519418E+018,6903,5,"""OBSERVATION""",,1541544255,192845851,'',,0,0,'','','',False,0,"""LA","""LA","[True, False, False, False, False, True]","""ONGOING""",'','','','',[]
1.54154426069283E+018,6903,5,"""HUMAN""",,1541544260,690627295,"""beginner_tired_collaborative.POMDPx""",,1541544252,860033128,"""2""","""Tired""","""Tired""",True,0,'','',[],'','','','','',[]
1.54154426069792E+018,6903,6,"""ROBOT""",,1541544260,697123740,'',,1541544256,257557747,"""grasp""","""HumanNeedsHelp""","""TaskHuman""",False,0,'','',[],'','',"""reactive.pomdpx""","""0""","""0""",[]
1.54154426346083E+018,6903,6,"""OBSERVATION""",,1541544263,459499825,'',,0,0,'','','',False,0,"""LA","""LA","[True, False, False, False, False, True]","""ONGOING""",'','','','',[]
1.54154426466159E+018,6903,6,"""HUMAN""",,1541544264,659351657,"""beginner_tired_collaborative.POMDPx""",,1541544261,756116738,"""2""","""RobotInterfered""","""RobotInterfered""",True,0,'','',[],'','','','','',[]
1.54154426466746E+018,6903,7,"""ROBOT""",,1541544264,666359996,'',,1541544264,520165033,"""grasp""","""HumanNeedsHelp""","""TaskHuman""",False,0,'','',[],'','',"""reactive.pomdpx""","""0""","""0""",[]
1.54154426761079E+018,6903,7,"""OBSERVATION""",,1541544267,609514344,'',,0,0,'','','',False,0,"""LA","""LA","[True, False, False, False, False, True]","""ONGOING""",'','','','',[]
1.54154426899375E+018,6903,7,"""HUMAN""",,1541544268,991401375,"""beginner_tired_collaborative.POMDPx""",,1541544265,733255152,"""2""","""RobotInterfered""","""RobotInterfered""",True,0,'','',[],'','','','','',[]
1.54154426899901E+018,6903,8,"""ROBOT""",,1541544268,998067333,'',,1541544268,671456373,"""grasp""","""HumanNeedsHelp""","""TaskHuman""",False,0,'','',[],'','',"""reactive.pomdpx""","""0""","""0""",[]
1.5415442718274E+018,6903,8,"""SENSORS""",,1541544271,827268081,'',,0,0,'','','',False,0,'','',[],"""SUCCESS""","""robot""",'','','',[]
1.54154427209425E+018,6903,8,"""OBSERVATION""",,1541544272,92825434,'',,0,0,'','','',False,0,"""LA","""LA","[True, False, False, False, False, True]","""ONGOING""",'','','','',[]
1.54154427336966E+018,6903,8,"""HUMAN""",,1541544273,367682223,"""beginner_tired_collaborative.POMDPx""",,1541544270,64378623,"""2""","""RobotInterfered""","""RobotInterfered""",True,0,'','',[],'','','','','',[]
1.54154427337464E+018,6903,9,"""ROBOT""",,1541544273,373625358,'',,1541544273,152554384,"""grasp""","""HumanNeedsHelp""","""GlobalSuccess""",False,0,'','',[],'','',"""reactive.pomdpx""","""6""","""5.00249""",[]
1.54154427338574E+018,6903,9,"""HUMAN""",,1541544273,382388405,"""beginner_tired_collaborative.POMDPx""",,1541544270,64378623,"""2""","""RobotInterfered""","""GlobalSuccess""",False,0,'','',[],'','','','','',[]
1.54154428458354E+018,6904,0,"""MANAGER""",,1541544284,583261981,"""beginner_tired_collaborative.POMDPx""",,0,0,'','','',False,0,'','',[],"""START""",'',"""reactive.pomdpx""",'','',[]
1.54154428561939E+018,6904,0,"""ROBOT""",,1541544285,617645326,'',,1541544285,615516796,"""idle""","""TaskHuman""","""TaskHuman""",True,0,'','',[],'','',"""reactive.pomdpx""","""6""","""5.00249""",[]
1.54154428777755E+018,6904,0,"""OBSERVATION""",,1541544287,776148712,'',,0,0,'','','',False,0,"""LA","""LA","[True, False, False, False, False, True]","""ONGOING""",'','','','',[]
1.54154428886284E+018,6904,0,"""HUMAN""",,1541544288,859753544,"""beginner_tired_collaborative.POMDPx""",,1541544285,444974758,"""2""","""TaskHuman""","""TaskHuman""",True,0,'','',[],'','','','','',[]
1.54154428886817E+018,6904,1,"""ROBOT""",,1541544288,867259047,'',,1541544288,844272704,"""idle""","""TaskHuman""","""TaskHuman""",True,0,'','',[],'','',"""reactive.pomdpx""","""0""","""0""",[]
1.54154429196084E+018,6904,1,"""OBSERVATION""",,1541544291,959504438,'',,0,0,'','','',False,0,"""LA","""LA","[True, False, False, False, False, True]","""ONGOING""",'','','','',[]
1.54154429305312E+018,6904,1,"""HUMAN""",,1541544293,50811020,"""beginner_tired_collaborative.POMDPx""",,1541544289,931841635,"""2""","""Tired""","""Tired""",True,0,'','',[],'','','','','',[]
1.54154429305873E+018,6904,2,"""ROBOT""",,1541544293,57705758,'',,1541544293,36221929,"""idle""","""TaskHuman""","""TaskHuman""",True,0,'','',[],'','',"""reactive.pomdpx""","""0""","""0""",[]
1.54154429662748E+018,6904,2,"""OBSERVATION""",,1541544296,626200249,'',,0,0,'','','',False,0,"""LA","""LA","[True, False, False, False, False, True]","""ONGOING""",'','','','',[]
1.54154429771439E+018,6904,2,"""HUMAN""",,1541544297,712261698,"""beginner_tired_collaborative.POMDPx""",,1541544294,109368319,"""2""","""Evaluating""","""Evaluating""",True,0,'','',[],'','','','','',[]
1.54154429771938E+018,6904,3,"""ROBOT""",,1541544297,718517059,'',,1541544297,697673015,"""idle""","""TaskHuman""","""TaskHuman""",True,0,'','',[],'','',"""reactive.pomdpx""","""0""","""0""",[]
1.54154430101079E+018,6904,3,"""OBSERVATION""",,1541544301,9441254,'',,0,0,'','','',False,0,"""LA","""LA","[True, False, False, False, False, True]","""ONGOING""",'','','','',[]
1.54154430207908E+018,6904,3,"""HUMAN""",,1541544302,76902802,"""beginner_tired_collaborative.POMDPx""",,1541544298,766530710,"""2""","""Tired""","""Tired""",True,0,'','',[],'','','','','',[]
1.54154430208389E+018,6904,4,"""ROBOT""",,1541544302,82991647,'',,1541544302,62398605,"""idle""","""TaskHuman""","""TaskHuman""",True,0,'','',[],'','',"""reactive.pomdpx""","""0""","""0""",[]
1.54154430459402E+018,6904,4,"""OBSERVATION""",,1541544304,592895851,'',,0,0,'','','',False,0,"""LA","""LA","[True, False, False, False, False, True]","""ONGOING""",'','','','',[]
1.54154430567642E+018,6904,4,"""HUMAN""",,1541544305,674373871,"""beginner_tired_collaborative.POMDPx""",,1541544303,145341302,"""2""","""Tired""","""Tired""",True,0,'','',[],'','','','','',[]
1.54154430568105E+018,6904,5,"""ROBOT""",,1541544305,680225815,'',,1541544305,659404355,"""idle""","""TaskHuman""","""HumanNeedsHelp""",False,0,'','',[],'','',"""reactive.pomdpx""","""0""","""0""",[]
1.54154430862751E+018,6904,5,"""OBSERVATION""",,1541544308,626129949,'',,0,0,'','','',False,0,"""LA","""LA","[False, True, False, False, False, False]","""ONGOING""",'','','','',[]
1.54154431396963E+018,6904,5,"""HUMAN""",,1541544313,967634428,"""beginner_tired_collaborative.POMDPx""",,1541544306,744408006,"""3""","""Recovery""","""Recovery""",True,0,'','',[],'','','','','',[]
1.5415443139754E+018,6904,6,"""ROBOT""",,1541544313,974446544,'',,1541544309,683429859,"""grasp""","""HumanNeedsHelp""","""HumanNeedsHelp""",True,0,'','',[],'','',"""reactive.pomdpx""","""0""","""0""",[]
1.54154431687746E+018,6904,6,"""OBSERVATION""",,1541544316,876198942,'',,0,0,'','','',False,0,"""LA","""LA","[False, False, False, False, False, False]","""ONGOING""",'','','','',[]
1.54154432482759E+018,6904,6,"""SENSORS""",,1541544324,827480222,'',,0,0,'','','',False,0,'','',[],"""SUCCESS""","""robot""",'','','',[]
1.541545171028E+018,6904,6,"""HUMAN""",,1541545166,221628602,"""beginner_tired_collaborative.POMDPx""",,1541544315,50499385,"""2""","""Recovery""","""Recovery""",True,0,'','',[],'','','','','',[]
1.54154517104486E+018,6904,7,"""HUMAN""",,1541545171,41051518,"""beginner_tired_collaborative.POMDPx""",,1541544315,50499385,"""2""","""Recovery""","""GlobalSuccess""",False,0,'','',[],'','','','','',[]
1.54154519028508E+018,6905,0,"""MANAGER""",,1541545190,284849487,"""beginner_tired_collaborative.POMDPx""",,0,0,'','','',False,0,'','',[],"""START""",'',"""reactive.pomdpx""",'','',[]
1.54154519132702E+018,6905,0,"""ROBOT""",,1541545191,324980058,'',,1541545191,322287665,"""idle""","""TaskHuman""","""TaskHuman""",True,0,'','',[],'','',"""reactive.pomdpx""","""6""","""5.31505""",[]
1.54154519133626E+018,6905,0,"""HUMAN""",,1541545191,333373875,"""beginner_tired_collaborative.POMDPx""",,1541545191,159062836,"""2""","""TaskHuman""","""TaskHuman""",True,0,'','',[],'','','','','',[]
1.54154519134176E+018,6905,1,"""ROBOT""",,1541545191,340873711,'',,1541545191,322287665,"""idle""","""TaskHuman""","""TaskHuman""",True,0,'','',[],'','',"""reactive.pomdpx""","""0""","""0""",[]
1.54154519467765E+018,6905,1,"""OBSERVATION""",,1541545194,676269009,'',,0,0,'','','',False,0,"""LA","""LA","[True, False, False, False, False, True]","""ONGOING""",'','','','',[]
1.54154519575829E+018,6905,1,"""HUMAN""",,1541545195,755827323,"""beginner_tired_collaborative.POMDPx""",,1541545192,414502280,"""2""","""TaskHuman""","""TaskHuman""",True,0,'','',[],'','','','','',[]
1.54154519576306E+018,6905,2,"""ROBOT""",,1541545195,762120164,'',,1541545195,740895422,"""idle""","""TaskHuman""","""TaskHuman""",True,0,'','',[],'','',"""reactive.pomdpx""","""0""","""0""",[]
1.54154519912753E+018,6905,2,"""OBSERVATION""",,1541545199,126170697,'',,0,0,'','','',False,0,"""LA","""LA","[True, False, False, False, False, True]","""ONGOING""",'','','','',[]
1.54154520020051E+018,6905,2,"""HUMAN""",,1541545200,198102448,"""beginner_tired_collaborative.POMDPx""",,1541545196,811390103,"""2""","""Tired""","""Tired""",True,0,'','',[],'','','','','',[]
1.54154520020534E+018,6905,3,"""ROBOT""",,1541545200,204491053,'',,1541545200,184179563,"""idle""","""TaskHuman""","""TaskHuman""",True,0,'','',[],'','',"""reactive.pomdpx""","""0""","""0""",[]
1.54154520389413E+018,6905,3,"""OBSERVATION""",,1541545203,892967556,'',,0,0,'','','',False,0,"""LA","""LA","[True, False, False, False, False, True]","""ONGOING""",'','','','',[]
1.54154520496883E+018,6905,3,"""HUMAN""",,1541545204,966151567,"""beginner_tired_collaborative.POMDPx""",,1541545201,272754434,"""2""","""Tired""","""Tired""",True,0,'','',[],'','','','','',[]
1.54154520497398E+018,6905,4,"""ROBOT""",,1541545204,973027085,'',,1541545204,951376580,"""idle""","""TaskHuman""","""TaskHuman""",True,0,'','',[],'','',"""reactive.pomdpx""","""0""","""0""",[]
1.54154521082775E+018,6905,4,"""SENSORS""",,1541545210,827596723,'',,0,0,'','','',False,0,'','',[],"""SUCCESS""","""human""",'','','',[]
1.54154521321104E+018,6905,4,"""OBSERVATION""",,1541545213,209493416,'',,0,0,'','','',False,0,"""LA","""LA","[True, False, True, False, False, False]","""SUCCESS""","""human""",'','','',[]
1.54154521428552E+018,6905,4,"""HUMAN""",,1541545214,283350077,"""beginner_tired_collaborative.POMDPx""",,1541545206,24418342,"""0""","""Evaluating""","""Evaluating""",True,0,'','',[],'','','','','',[]
1.54154521429085E+018,6905,5,"""ROBOT""",,1541545214,289944996,'',,1541545214,275052233,"""idle""","""GlobalSuccess""","""GlobalSuccess""",True,0,'','',[],'','',"""reactive.pomdpx""","""6""","""5.53421""",[]
1.54154521430222E+018,6905,5,"""HUMAN""",,1541545214,298407171,"""beginner_tired_collaborative.POMDPx""",,1541545206,24418342,"""0""","""Evaluating""","""GlobalSuccess""",False,0,'','',[],'','','','','',[]
1.54154522627117E+018,6906,0,"""MANAGER""",,1541545226,270979454,"""beginner_tired_collaborative.POMDPx""",,0,0,'','','',False,0,'','',[],"""START""",'',"""reactive.pomdpx""",'','',[]
1.5415452273012E+018,6906,0,"""ROBOT""",,1541545227,299485324,'',,1541545227,297627955,"""idle""","""TaskHuman""","""TaskHuman""",True,0,'','',[],'','',"""reactive.pomdpx""","""6""","""5.53421""",[]
1.54154522886088E+018,6906,0,"""OBSERVATION""",,1541545228,859573743,'',,0,0,'','','',False,0,"""LA","""LA","[True, False, False, False, False, True]","""ONGOING""",'','','','',[]
1.54154522993955E+018,6906,0,"""HUMAN""",,1541545229,936705263,"""beginner_tired_collaborative.POMDPx""",,1541545227,135571949,"""2""","""TaskHuman""","""TaskHuman""",True,0,'','',[],'','','','','',[]
1.54154522994512E+018,6906,1,"""ROBOT""",,1541545229,944129152,'',,1541545229,921530776,"""idle""","""TaskHuman""","""TaskHuman""",True,0,'','',[],'','',"""reactive.pomdpx""","""0""","""0""",[]
1.54154523303125E+018,6906,1,"""OBSERVATION""",,1541545233,29959279,'',,0,0,'','','',False,0,"""LA","""LA","[True, False, False, False, False, True]","""ONGOING""",'','','','',[]
1.54154523410822E+018,6906,1,"""HUMAN""",,1541545234,105929434,"""beginner_tired_collaborative.POMDPx""",,1541545231,6736781,"""2""","""Tired""","""Tired""",True,0,'','',[],'','','','','',[]
1.54154523411304E+018,6906,2,"""ROBOT""",,1541545234,112062153,'',,1541545234,92205285,"""idle""","""TaskHuman""","""TaskHuman""",True,0,'','',[],'','',"""reactive.pomdpx""","""0""","""0""",[]
1.5415452370615E+018,6906,2,"""OBSERVATION""",,1541545237,60124171,'',,0,0,'','','',False,0,"""LA","""LA","[True, False, False, False, False, True]","""ONGOING""",'','','','',[]
1.54154523813895E+018,6906,2,"""HUMAN""",,1541545238,136722176,"""beginner_tired_collaborative.POMDPx""",,1541545235,178179693,"""2""","""Tired""","""Tired""",True,0,'','',[],'','','','','',[]
1.54154523814464E+018,6906,3,"""ROBOT""",,1541545238,143514728,'',,1541545238,121954132,"""idle""","""TaskHuman""","""TaskHuman""",True,0,'','',[],'','',"""reactive.pomdpx""","""0""","""0""",[]
1.5415452511443E+018,6906,3,"""OBSERVATION""",,1541545251,142843419,'',,0,0,'','','',False,0,"""LA","""LA","[True, False, False, True, False, False]","""ONGOING""",'','','','',[]
1.54154525651016E+018,6906,3,"""HUMAN""",,1541545256,507693387,"""beginner_tired_collaborative.POMDPx""",,1541545239,212295031,"""0""","""Evaluating""","""Evaluating""",True,0,'','',[],'','','','','',[]
1.5415452565146E+018,6906,4,"""ROBOT""",,1541545256,513757965,'',,1541545252,201319487,"""grasp""","""HumanNeedsHelp""","""TaskHuman""",False,0,'','',[],'','',"""reactive.pomdpx""","""0""","""0""",[]
1.5415452603274E+018,6906,4,"""OBSERVATION""",,1541545260,326219754,'',,0,0,'','','',False,0,"""LA","""LA","[True, False, False, False, False, True]","""ONGOING""",'','','','',[]
1.54154526159428E+018,6906,4,"""HUMAN""",,1541545261,592080925,"""beginner_tired_collaborative.POMDPx""",,1541545257,573348910,"""2""","""RobotInterfered""","""RobotInterfered""",True,0,'','',[],'','','','','',[]
1.54154526159959E+018,6906,5,"""ROBOT""",,1541545261,598556082,'',,1541545261,386045157,"""grasp""","""HumanNeedsHelp""","""TaskHuman""",False,0,'','',[],'','',"""reactive.pomdpx""","""0""","""0""",[]
1.5415452649778E+018,6906,5,"""OBSERVATION""",,1541545264,976614359,'',,0,0,'','','',False,0,"""LA","""LA","[True, False, False, False, False, True]","""ONGOING""",'','','','',[]
1.54154526637684E+018,6906,5,"""HUMAN""",,1541545266,374574667,"""beginner_tired_collaborative.POMDPx""",,1541545262,660786796,"""2""","""RobotInterfered""","""RobotInterfered""",True,0,'','',[],'','','','','',[]
1.54154526638174E+018,6906,6,"""ROBOT""",,1541545266,380884098,'',,1541545266,44236924,"""grasp""","""HumanNeedsHelp""","""TaskHuman""",False,0,'','',[],'','',"""reactive.pomdpx""","""0""","""0""",[]
1.54154526782752E+018,6906,6,"""SENSORS""",,1541545267,827345999,'',,0,0,'','','',False,0,'','',[],"""SUCCESS""","""robot""",'','','',[]
1.54154526951078E+018,6906,6,"""OBSERVATION""",,1541545269,509486135,'',,0,0,'','','',False,0,"""LA","""LA","[True, False, False, False, False, True]","""ONGOING""",'','','','',[]
1.54154527897794E+018,6906,6,"""HUMAN""",,1541545270,801246674,"""beginner_tired_collaborative.POMDPx""",,1541545267,447849809,"""2""","""RobotInterfered""","""RobotInterfered""",True,0,'','',[],'','','','','',[]
1.54154527898302E+018,6906,7,"""ROBOT""",,1541545278,982154890,'',,1541545270,571310632,"""grasp""","""HumanNeedsHelp""","""GlobalSuccess""",False,0,'','',[],'','',"""reactive.pomdpx""","""6""","""5.20875""",[]
1.54154527899498E+018,6906,7,"""HUMAN""",,1541545278,991179223,"""beginner_tired_collaborative.POMDPx""",,1541545267,447849809,"""2""","""RobotInterfered""","""GlobalSuccess""",False,0,'','',[],'','','','','',[]
1.54154528982035E+018,6907,0,"""MANAGER""",,1541545289,820237384,"""beginner_tired_collaborative.POMDPx""",,0,0,'','','',False,0,'','',[],"""START""",'',"""reactive.pomdpx""",'','',[]
1.54154529086147E+018,6907,0,"""ROBOT""",,1541545290,859919380,'',,1541545290,857865803,"""idle""","""TaskHuman""","""TaskHuman""",True,0,'','',[],'','',"""reactive.pomdpx""","""6""","""5.20875""",[]
1.54154529307802E+018,6907,0,"""OBSERVATION""",,1541545293,76742426,'',,0,0,'','','',False,0,"""LA","""LA","[True, False, False, False, False, True]","""ONGOING""",'','','','',[]
1.54154529416506E+018,6907,0,"""HUMAN""",,1541545294,162036860,"""beginner_tired_collaborative.POMDPx""",,1541545290,696758246,"""2""","""TaskHuman""","""TaskHuman""",True,0,'','',[],'','','','','',[]
1.54154529417046E+018,6907,1,"""ROBOT""",,1541545294,169507313,'',,1541545294,146915038,"""idle""","""TaskHuman""","""TaskHuman""",True,0,'','',[],'','',"""reactive.pomdpx""","""0""","""0""",[]
1.541545306594E+018,6907,1,"""OBSERVATION""",,1541545306,592786095,'',,0,0,'','','',False,0,"""LA","""LA","[True, False, False, True, False, False]","""ONGOING""",'','','','',[]
1.54154530766887E+018,6907,1,"""HUMAN""",,1541545307,666581581,"""beginner_tired_collaborative.POMDPx""",,1541545295,236135079,"""0""","""Evaluating""","""Evaluating""",True,0,'','',[],'','','','','',[]
1.54154530767459E+018,6907,2,"""ROBOT""",,1541545307,673690524,'',,1541545307,659532652,"""idle""","""TaskHuman""","""TaskHuman""",True,0,'','',[],'','',"""reactive.pomdpx""","""0""","""0""",[]
1.54154531189418E+018,6907,2,"""OBSERVATION""",,1541545311,892923128,'',,0,0,'','','',False,0,"""LA","""LA","[True, False, False, False, False, True]","""ONGOING""",'','','','',[]
1.54154531725962E+018,6907,2,"""HUMAN""",,1541545317,257235567,"""beginner_tired_collaborative.POMDPx""",,1541545308,738404548,"""2""","""FailedToGrasp""","""FailedToGrasp""",True,0,'','',[],'','','','','',[]
1.54154531726413E+018,6907,3,"""ROBOT""",,1541545317,263323955,'',,1541545312,953317007,"""grasp""","""HumanNeedsHelp""","""TaskHuman""",False,0,'','',[],'','',"""reactive.pomdpx""","""0""","""0""",[]
1.54154532017749E+018,6907,3,"""OBSERVATION""",,1541545320,176174431,'',,0,0,'','','',False,0,"""LA","""LA","[True, False, False, False, False, True]","""ONGOING""",'','','','',[]
1.54154532166108E+018,6907,3,"""HUMAN""",,1541545321,658729645,"""beginner_tired_collaborative.POMDPx""",,1541545318,317268105,"""2""","""RobotInterfered""","""RobotInterfered""",True,0,'','',[],'','','','','',[]
1.54154532166559E+018,6907,4,"""ROBOT""",,1541545321,664802890,'',,1541545321,243634147,"""grasp""","""HumanNeedsHelp""","""TaskHuman""",False,0,'','',[],'','',"""reactive.pomdpx""","""0""","""0""",[]
1.54154532476099E+018,6907,4,"""OBSERVATION""",,1541545324,759662952,'',,0,0,'','','',False,0,"""LA","""LA","[True, False, False, False, False, True]","""ONGOING""",'','','','',[]
1.54154532591272E+018,6907,4,"""HUMAN""",,1541545325,910082396,"""beginner_tired_collaborative.POMDPx""",,1541545322,731063708,"""2""","""RobotInterfered""","""RobotInterfered""",True,0,'','',[],'','','','','',[]
1.54154532591793E+018,6907,5,"""ROBOT""",,1541545325,916888983,'',,1541545325,815988925,"""grasp""","""HumanNeedsHelp""","""WarningReceived""",False,0,'','',[],'','',"""reactive.pomdpx""","""-3""","""-2.71176""",[]
1.54154532862756E+018,6907,5,"""OBSERVATION""",,1541545328,626211395,'',,0,0,'','','',False,0,"""LA","""LA","[True, False, False, False, True, False]","""ONGOING""",'','','','',[]
1.54154532882723E+018,6907,5,"""SENSORS""",,1541545328,827107208,'',,0,0,'','','',False,0,'','',[],"""SUCCESS""","""robot""",'','','',[]
1.54154532995334E+018,6907,5,"""HUMAN""",,1541545329,951303322,"""beginner_tired_collaborative.POMDPx""",,1541545326,988785481,"""4""","""WarningTheRobot""","""WarningTheRobot""",True,1,'','',[],'','','','','',[]
1.5415453299584E+018,6907,6,"""ROBOT""",,1541545329,957308311,'',,1541545329,682144677,"""cancel all actions""","""WarningReceived""","""GlobalSuccess""",False,0,'','',[],'','',"""reactive.pomdpx""","""3""","""-0.0542352""",[]
1.5415453299694E+018,6907,6,"""HUMAN""",,1541545329,966380347,"""beginner_tired_collaborative.POMDPx""",,1541545326,988785481,"""4""","""WarningTheRobot""","""GlobalSuccess""",False,2,'','',[],'','','','','',[]
1.54154534153511E+018,6908,0,"""MANAGER""",,1541545341,535012179,"""beginner_tired_collaborative.POMDPx""",,0,0,'','','',False,0,'','',[],"""START""",'',"""reactive.pomdpx""",'','',[]
1.54154534257759E+018,6908,0,"""ROBOT""",,1541545342,575561234,'',,1541545342,573134203,"""idle""","""TaskHuman""","""TaskHuman""",True,0,'','',[],'','',"""reactive.pomdpx""","""3""","""-0.0542352""",[]
1.54154534258721E+018,6908,0,"""HUMAN""",,1541545342,583945968,"""beginner_tired_collaborative.POMDPx""",,1541545342,404046627,"""2""","""TaskHuman""","""TaskHuman""",True,0,'','',[],'','','','','',[]
1.54154534259276E+018,6908,1,"""ROBOT""",,1541545342,591609816,'',,1541545342,573134203,"""idle""","""TaskHuman""","""TaskHuman""",True,0,'','',[],'','',"""reactive.pomdpx""","""0""","""0""",[]
1.54154534881067E+018,6908,1,"""OBSERVATION""",,1541545348,809446658,'',,0,0,'','','',False,0,"""LA","""LA","[True, True, False, False, False, True]","""ONGOING""",'','','','',[]
1.54154534990358E+018,6908,1,"""HUMAN""",,1541545349,901191272,"""beginner_tired_collaborative.POMDPx""",,1541545343,651099857,"""1""","""Tired""","""Tired""",True,0,'','',[],'','','','','',[]
1.54154534990854E+018,6908,2,"""ROBOT""",,1541545349,907513285,'',,1541545349,886639623,"""idle""","""TaskHuman""","""TaskHuman""",True,0,'','',[],'','',"""reactive.pomdpx""","""0""","""0""",[]
1.5415453536109E+018,6908,2,"""OBSERVATION""",,1541545353,609537187,'',,0,0,'','','',False,0,"""LA","""LA","[True, False, False, False, False, True]","""ONGOING""",'','','','',[]
1.54154535470324E+018,6908,2,"""HUMAN""",,1541545354,700563808,"""beginner_tired_collaborative.POMDPx""",,1541545350,974959815,"""2""","""Tired""","""Tired""",True,0,'','',[],'','','','','',[]
1.54154535470805E+018,6908,3,"""ROBOT""",,1541545354,707073527,'',,1541545354,686872575,"""idle""","""TaskHuman""","""TaskHuman""",True,0,'','',[],'','',"""reactive.pomdpx""","""0""","""0""",[]
1.54154536777733E+018,6908,3,"""OBSERVATION""",,1541545367,776107436,'',,0,0,'','','',False,0,"""LA","""LA","[True, False, False, True, False, False]","""ONGOING""",'','','','',[]
1.54154537317565E+018,6908,3,"""HUMAN""",,1541545373,173491569,"""beginner_tired_collaborative.POMDPx""",,1541545355,764835414,"""0""","""Evaluating""","""Evaluating""",True,0,'','',[],'','','','','',[]
1.54154537318024E+018,6908,4,"""ROBOT""",,1541545373,179389299,'',,1541545368,845589733,"""grasp""","""HumanNeedsHelp""","""TaskHuman""",False,0,'','',[],'','',"""reactive.pomdpx""","""0""","""0""",[]
1.5415453768443E+018,6908,4,"""OBSERVATION""",,1541545376,842954611,'',,0,0,'','','',False,0,"""LA","""LA","[True, False, False, False, False, True]","""ONGOING""",'','','','',[]
1.54154537816026E+018,6908,4,"""HUMAN""",,1541545378,158024389,"""beginner_tired_collaborative.POMDPx""",,1541545374,233132440,"""2""","""FailedToGrasp""","""FailedToGrasp""",True,0,'','',[],'','','','','',[]
1.54154537816556E+018,6908,5,"""ROBOT""",,1541545378,164610463,'',,1541545377,909193177,"""grasp""","""HumanNeedsHelp""","""TaskHuman""",False,0,'','',[],'','',"""reactive.pomdpx""","""0""","""0""",[]
1.54154538146092E+018,6908,5,"""OBSERVATION""",,1541545381,459599070,'',,0,0,'','','',False,0,"""LA","""LA","[True, False, False, False, False, True]","""ONGOING""",'','','','',[]
1.54154538269331E+018,6908,5,"""HUMAN""",,1541545382,690974883,"""beginner_tired_collaborative.POMDPx""",,1541545379,231834096,"""2""","""RobotInterfered""","""RobotInterfered""",True,0,'','',[],'','','','','',[]
1.54154538269853E+018,6908,6,"""ROBOT""",,1541545382,697451566,'',,1541545382,517583438,"""grasp""","""HumanNeedsHelp""","""TaskHuman""",False,0,'','',[],'','',"""reactive.pomdpx""","""0""","""0""",[]
1.54154538482734E+018,6908,6,"""SENSORS""",,1541545384,827197977,'',,0,0,'','','',False,0,'','',[],"""SUCCESS""","""robot""",'','','',[]
1.54154538527755E+018,6908,6,"""OBSERVATION""",,1541545385,276151137,'',,0,0,'','','',False,0,"""LA","""LA","[True, False, False, False, False, True]","""ONGOING""",'','','','',[]
1.54154539441102E+018,6908,6,"""HUMAN""",,1541545386,700934976,"""beginner_tired_collaborative.POMDPx""",,1541545383,745396089,"""2""","""RobotInterfered""","""RobotInterfered""",True,0,'','',[],'','','','','',[]
1.54154539441582E+018,6908,7,"""ROBOT""",,1541545394,414822311,'',,1541545386,340738487,"""grasp""","""HumanNeedsHelp""","""GlobalSuccess""",False,0,'','',[],'','',"""reactive.pomdpx""","""6""","""5.31505""",[]
1.54154539442825E+018,6908,7,"""HUMAN""",,1541545394,425093886,"""beginner_tired_collaborative.POMDPx""",,1541545383,745396089,"""2""","""RobotInterfered""","""GlobalSuccess""",False,0,'','',[],'','','','','',[]
1.54154540579145E+018,6909,0,"""MANAGER""",,1541545405,791304980,"""beginner_tired_collaborative.POMDPx""",,0,0,'','','',False,0,'','',[],"""START""",'',"""reactive.pomdpx""",'','',[]
1.54154540683087E+018,6909,0,"""ROBOT""",,1541545406,829304444,'',,1541545406,827498623,"""idle""","""TaskHuman""","""TaskHuman""",True,0,'','',[],'','',"""reactive.pomdpx""","""6""","""5.31505""",[]
1.5415454089775E+018,6909,0,"""OBSERVATION""",,1541545408,976187959,'',,0,0,'','','',False,0,"""LA","""LA","[True, False, False, False, False, True]","""ONGOING""",'','','','',[]
1.5415454100555E+018,6909,0,"""HUMAN""",,1541545410,52786117,"""beginner_tired_collaborative.POMDPx""",,1541545406,646832926,"""2""","""TaskHuman""","""TaskHuman""",True,0,'','',[],'','','','','',[]
1.54154541006057E+018,6909,1,"""ROBOT""",,1541545410,59691061,'',,1541545410,38526288,"""idle""","""TaskHuman""","""TaskHuman""",True,0,'','',[],'','',"""reactive.pomdpx""","""0""","""0""",[]
1.54154541336084E+018,6909,1,"""OBSERVATION""",,1541545413,359508317,'',,0,0,'','','',False,0,"""LA","""LA","[True, False, False, False, False, True]","""ONGOING""",'','','','',[]
1.54154541444173E+018,6909,1,"""HUMAN""",,1541545414,439527373,"""beginner_tired_collaborative.POMDPx""",,1541545411,117502329,"""2""","""Evaluating""","""Evaluating""",True,0,'','',[],'','','','','',[]
1.54154541444705E+018,6909,2,"""ROBOT""",,1541545414,446147671,'',,1541545414,425200890,"""idle""","""TaskHuman""","""TaskHuman""",True,0,'','',[],'','',"""reactive.pomdpx""","""0""","""0""",[]
1.54154541759416E+018,6909,2,"""OBSERVATION""",,1541545417,592820443,'',,0,0,'','','',False,0,"""LA","""LA","[True, False, False, False, False, True]","""ONGOING""",'','','','',[]
1.54154541866986E+018,6909,2,"""HUMAN""",,1541545418,667473965,"""beginner_tired_collaborative.POMDPx""",,1541545415,510568522,"""2""","""Tired""","""Tired""",True,0,'','',[],'','','','','',[]
1.54154541867473E+018,6909,3,"""ROBOT""",,1541545418,673821341,'',,1541545418,652563115,"""idle""","""TaskHuman""","""HumanNeedsHelp""",False,0,'','',[],'','',"""reactive.pomdpx""","""0""","""0""",[]
1.5415454220275E+018,6909,3,"""OBSERVATION""",,1541545422,26123346,'',,0,0,'','','',False,0,"""LA","""LA","[True, False, False, False, False, True]","""ONGOING""",'','','','',[]
1.54154542310054E+018,6909,3,"""HUMAN""",,1541545423,97912469,"""beginner_tired_collaborative.POMDPx""",,1541545419,732958923,"""2""","""Recovery""","""Recovery""",True,0,'','',[],'','','','','',[]
1.54154542310622E+018,6909,4,"""ROBOT""",,1541545423,105334191,'',,1541545423,90124484,"""idle""","""TaskHuman""","""HumanNeedsHelp""",False,0,'','',[],'','',"""reactive.pomdpx""","""0""","""0""",[]
1.54154542632748E+018,6909,4,"""OBSERVATION""",,1541545426,326206175,'',,0,0,'','','',False,0,"""LA","""LA","[False, True, False, False, False, False]","""ONGOING""",'','','','',[]
1.54154543180266E+018,6909,4,"""HUMAN""",,1541545431,800309368,"""beginner_tired_collaborative.POMDPx""",,1541545424,158056242,"""3""","""Recovery""","""Recovery""",True,0,'','',[],'','','','','',[]
1.54154543180777E+018,6909,5,"""ROBOT""",,1541545431,806817094,'',,1541545427,382232569,"""grasp""","""HumanNeedsHelp""","""HumanNeedsHelp""",True,0,'','',[],'','',"""reactive.pomdpx""","""0""","""0""",[]
1.54154543507737E+018,6909,5,"""OBSERVATION""",,1541545435,76192973,'',,0,0,'','','',False,0,"""LA","""LA","[False, False, False, False, False, False]","""ONGOING""",'','','','',[]
1.54154544282723E+018,6909,5,"""SENSORS""",,1541545442,827127728,'',,0,0,'','','',False,0,'','',[],"""SUCCESS""","""robot""",'','','',[]
1.54154578891725E+018,6909,5,"""HUMAN""",,1541545788,914598305,"""beginner_tired_collaborative.POMDPx""",,1541545432,872115866,"""2""","""Recovery""","""Recovery""",True,0,'','',[],'','','','','',[]
1.54154578893536E+018,6909,6,"""HUMAN""",,1541545788,932806226,"""beginner_tired_collaborative.POMDPx""",,1541545432,872115866,"""2""","""Recovery""","""GlobalSuccess""",False,0,'','',[],'','','','','',[]
1.54154580782719E+018,6910,0,"""MANAGER""",,1541545807,826991803,"""beginner_tired_collaborative.POMDPx""",,0,0,'','','',False,0,'','',[],"""START""",'',"""reactive.pomdpx""",'','',[]
1.54154580887236E+018,6910,0,"""ROBOT""",,1541545808,870470493,'',,1541545808,867875399,"""idle""","""TaskHuman""","""TaskHuman""",True,0,'','',[],'','',"""reactive.pomdpx""","""6""","""5.42352""",[]
1.54154580888223E+018,6910,0,"""HUMAN""",,1541545808,879119090,"""beginner_tired_collaborative.POMDPx""",,1541545808,703549964,"""2""","""TaskHuman""","""TaskHuman""",True,0,'','',[],'','','','','',[]
1.54154580888812E+018,6910,1,"""ROBOT""",,1541545808,887161688,'',,1541545808,867875399,"""idle""","""TaskHuman""","""TaskHuman""",True,0,'','',[],'','',"""reactive.pomdpx""","""0""","""0""",[]
1.54154581247743E+018,6910,1,"""OBSERVATION""",,1541545812,476153327,'',,0,0,'','','',False,0,"""LA","""LA","[True, False, False, False, False, True]","""ONGOING""",'','','','',[]
1.54154581356353E+018,6910,1,"""HUMAN""",,1541545813,561063138,"""beginner_tired_collaborative.POMDPx""",,1541545809,947298991,"""2""","""Evaluating""","""Evaluating""",True,0,'','',[],'','','','','',[]
1.54154581356904E+018,6910,2,"""ROBOT""",,1541545813,568081594,'',,1541545813,545386693,"""idle""","""TaskHuman""","""TaskHuman""",True,0,'','',[],'','',"""reactive.pomdpx""","""0""","""0""",[]
1.54154581684413E+018,6910,2,"""OBSERVATION""",,1541545816,842838347,'',,0,0,'','','',False,0,"""LA","""LA","[True, False, False, False, False, True]","""ONGOING""",'','','','',[]
1.54154581792306E+018,6910,2,"""HUMAN""",,1541545817,920596903,"""beginner_tired_collaborative.POMDPx""",,1541545814,622957663,"""2""","""Tired""","""Tired""",True,0,'','',[],'','','','','',[]
1.54154581792804E+018,6910,3,"""ROBOT""",,1541545817,927103389,'',,1541545817,906115566,"""idle""","""TaskHuman""","""TaskHuman""",True,0,'','',[],'','',"""reactive.pomdpx""","""0""","""0""",[]
1.54154582141071E+018,6910,3,"""OBSERVATION""",,1541545821,409512831,'',,0,0,'','','',False,0,"""LA","""LA","[True, False, False, False, False, True]","""ONGOING""",'','','','',[]
1.54154582249969E+018,6910,3,"""HUMAN""",,1541545822,497063647,"""beginner_tired_collaborative.POMDPx""",,1541545818,977811794,"""2""","""Tired""","""Tired""",True,0,'','',[],'','','','','',[]
1.54154582250569E+018,6910,4,"""ROBOT""",,1541545822,504721233,'',,1541545822,483566643,"""idle""","""TaskHuman""","""TaskHuman""",True,0,'','',[],'','',"""reactive.pomdpx""","""0""","""0""",[]
1.54154583559411E+018,6910,4,"""OBSERVATION""",,1541545835,592828073,'',,0,0,'','','',False,0,"""LA","""LA","[True, False, False, True, False, False]","""ONGOING""",'','','','',[]
1.54154584087532E+018,6910,4,"""HUMAN""",,1541545840,872879516,"""beginner_tired_collaborative.POMDPx""",,1541545823,562062492,"""0""","""Evaluating""","""Evaluating""",True,0,'','',[],'','','','','',[]
1.54154584088009E+018,6910,5,"""ROBOT""",,1541545840,879292605,'',,1541545836,648781955,"""grasp""","""HumanNeedsHelp""","""TaskHuman""",False,0,'','',[],'','',"""reactive.pomdpx""","""0""","""0""",[]
1.54154584437743E+018,6910,5,"""OBSERVATION""",,1541545844,376140098,'',,0,0,'','','',False,0,"""LA","""LA","[True, False, False, False, False, True]","""ONGOING""",'','','','',[]
1.54154584582683E+018,6910,5,"""HUMAN""",,1541545845,824676812,"""beginner_tired_collaborative.POMDPx""",,1541545841,937542222,"""2""","""RobotInterfered""","""RobotInterfered""",True,0,'','',[],'','','','','',[]
1.5415458458317E+018,6910,6,"""ROBOT""",,1541545845,830805226,'',,1541545845,443812901,"""grasp""","""HumanNeedsHelp""","""TaskHuman""",False,0,'','',[],'','',"""reactive.pomdpx""","""0""","""0""",[]
1.54154584876078E+018,6910,6,"""OBSERVATION""",,1541545848,759491271,'',,0,0,'','','',False,0,"""LA","""LA","[True, False, False, False, False, True]","""ONGOING""",'','','','',[]
1.54154584996124E+018,6910,6,"""HUMAN""",,1541545849,959027429,"""beginner_tired_collaborative.POMDPx""",,1541545846,885129617,"""2""","""RobotInterfered""","""RobotInterfered""",True,0,'','',[],'','','','','',[]
1.54154584996602E+018,6910,7,"""ROBOT""",,1541545849,965072154,'',,1541545849,828385941,"""grasp""","""HumanNeedsHelp""","""TaskHuman""",False,0,'','',[],'','',"""reactive.pomdpx""","""0""","""0""",[]
1.54154585949295E+018,6910,7,"""SENSORS""",,1541545859,492831306,'',,0,0,'','','',False,0,'','',[],"""SUCCESS""","""robot""",'','','',[]
1.54154585949431E+018,6910,7,"""OBSERVATION""",,1541545853,9489727,'',,0,0,'','','',False,0,"""LA","""LA","[True, False, False, False, False, True]","""ONGOING""",'','','','',[]
1.54154586480244E+018,6910,7,"""HUMAN""",,1541545864,800537355,"""beginner_tired_collaborative.POMDPx""",,1541545851,24853470,"""2""","""RobotInterfered""","""RobotInterfered""",True,0,'','',[],'','','','','',[]
1.54154586480897E+018,6910,8,"""ROBOT""",,1541545864,807112188,'',,1541545860,550408420,"""grasp""","""HumanNeedsHelp""","""GlobalSuccess""",False,0,'','',[],'','',"""reactive.pomdpx""","""6""","""5.20875""",[]
1.54154586482333E+018,6910,8,"""HUMAN""",,1541545864,818354571,"""beginner_tired_collaborative.POMDPx""",,1541545851,24853470,"""2""","""RobotInterfered""","""GlobalSuccess""",False,0,'','',[],'','','','','',[]
1.54154587583066E+018,6911,0,"""MANAGER""",,1541545875,830522110,"""beginner_tired_collaborative.POMDPx""",,0,0,'','','',False,0,'','',[],"""START""",'',"""reactive.pomdpx""",'','',[]
1.54154587686853E+018,6911,0,"""ROBOT""",,1541545876,867047465,'',,1541545876,864804405,"""idle""","""TaskHuman""","""TaskHuman""",True,0,'','',[],'','',"""reactive.pomdpx""","""6""","""5.20875""",[]
1.54154587821077E+018,6911,0,"""OBSERVATION""",,1541545878,209507701,'',,0,0,'','','',False,0,"""LA","""LA","[True, False, False, False, False, True]","""ONGOING""",'','','','',[]
1.54154587929157E+018,6911,0,"""HUMAN""",,1541545879,288622353,"""beginner_tired_collaborative.POMDPx""",,1541545876,693082204,"""2""","""TaskHuman""","""TaskHuman""",True,0,'','',[],'','','','','',[]
1.54154587929682E+018,6911,1,"""ROBOT""",,1541545879,295902521,'',,1541545879,273275753,"""idle""","""TaskHuman""","""TaskHuman""",True,0,'','',[],'','',"""reactive.pomdpx""","""0""","""0""",[]
1.54154588299411E+018,6911,1,"""OBSERVATION""",,1541545882,992811204,'',,0,0,'','','',False,0,"""LA","""LA","[True, False, False, False, False, True]","""ONGOING""",'','','','',[]
1.54154588406845E+018,6911,1,"""HUMAN""",,1541545884,65935790,"""beginner_tired_collaborative.POMDPx""",,1541545880,378375670,"""2""","""TaskHuman""","""Tired""",False,0,'','',[],'','','','','',[]
1.54154588407441E+018,6911,2,"""ROBOT""",,1541545884,73457877,'',,1541545884,51781795,"""idle""","""TaskHuman""","""TaskHuman""",True,0,'','',[],'','',"""reactive.pomdpx""","""0""","""0""",[]
1.54154588737782E+018,6911,2,"""OBSERVATION""",,1541545887,376575931,'',,0,0,'','','',False,0,"""LA","""LA","[True, False, False, False, False, True]","""ONGOING""",'','','','',[]
1.54154588845661E+018,6911,2,"""HUMAN""",,1541545888,454391428,"""beginner_tired_collaborative.POMDPx""",,1541545885,140432233,"""2""","""TaskHuman""","""TaskHuman""",True,0,'','',[],'','','','','',[]
1.54154588846163E+018,6911,3,"""ROBOT""",,1541545888,460632316,'',,1541545888,441103851,"""idle""","""TaskHuman""","""TaskHuman""",True,0,'','',[],'','',"""reactive.pomdpx""","""0""","""0""",[]
1.54154589172745E+018,6911,3,"""OBSERVATION""",,1541545891,726146503,'',,0,0,'','','',False,0,"""LA","""LA","[True, False, False, False, False, True]","""ONGOING""",'','','','',[]
1.54154589281207E+018,6911,3,"""HUMAN""",,1541545892,809668387,"""beginner_tired_collaborative.POMDPx""",,1541545889,519256358,"""2""","""TaskHuman""","""TaskHuman""",True,0,'','',[],'','','','','',[]
1.54154589281778E+018,6911,4,"""ROBOT""",,1541545892,816636970,'',,1541545892,794636331,"""idle""","""TaskHuman""","""TaskHuman""",True,0,'','',[],'','',"""reactive.pomdpx""","""0""","""0""",[]
1.54154589616078E+018,6911,4,"""OBSERVATION""",,1541545896,159556770,'',,0,0,'','','',False,0,"""LA","""LA","[True, False, False, False, False, True]","""ONGOING""",'','','','',[]
1.54154589725318E+018,6911,4,"""HUMAN""",,1541545897,250418109,"""beginner_tired_collaborative.POMDPx""",,1541545893,890874920,"""2""","""Tired""","""Tired""",True,0,'','',[],'','','','','',[]
1.54154589725831E+018,6911,5,"""ROBOT""",,1541545897,257424486,'',,1541545897,235625589,"""idle""","""TaskHuman""","""TaskHuman""",True,0,'','',[],'','',"""reactive.pomdpx""","""0""","""0""",[]
1.54154590109412E+018,6911,5,"""OBSERVATION""",,1541545901,92821172,'',,0,0,'','','',False,0,"""LA","""LA","[True, False, False, False, False, True]","""ONGOING""",'','','','',[]
1.54154590265928E+018,6911,5,"""HUMAN""",,1541545902,657039940,"""beginner_tired_collaborative.POMDPx""",,1541545898,318402775,"""2""","""Tired""","""Tired""",True,0,'','',[],'','','','','',[]
1.54154590266381E+018,6911,6,"""ROBOT""",,1541545902,662938602,'',,1541545902,170596086,"""cancel all actions""","""HumanNeedsHelp""","""HumanNeedsHelp""",True,0,'','',[],'','',"""reactive.pomdpx""","""0""","""0""",[]
1.54154590552737E+018,6911,6,"""OBSERVATION""",,1541545905,526172067,'',,0,0,'','','',False,0,"""LA","""LA","[True, False, False, False, False, True]","""ONGOING""",'','','','',[]
1.54154591093616E+018,6911,6,"""HUMAN""",,1541545910,934277981,"""beginner_tired_collaborative.POMDPx""",,1541545903,724605340,"""2""","""Recovery""","""Recovery""",True,0,'','',[],'','','','','',[]
1.54154591094173E+018,6911,7,"""ROBOT""",,1541545910,940732219,'',,1541545906,585318314,"""grasp""","""HumanNeedsHelp""","""HumanNeedsHelp""",True,0,'','',[],'','',"""reactive.pomdpx""","""0""","""0""",[]
1.54154591362745E+018,6911,7,"""OBSERVATION""",,1541545913,626148653,'',,0,0,'','','',False,0,"""LA","""LA","[False, True, False, False, False, False]","""ONGOING""",'','','','',[]
1.54154592797614E+018,6911,7,"""SENSORS""",,1541545927,976036995,'',,0,0,'','','',False,0,'','',[],"""SUCCESS""","""robot""",'','','',[]
1.5415475673722E+018,6911,7,"""HUMAN""",,1541547567,367736549,"""beginner_tired_collaborative.POMDPx""",,1541545912,2141992,"""3""","""Recovery""","""Recovery""",True,0,'','',[],'','','','','',[]
1.54154756738873E+018,6911,8,"""HUMAN""",,1541547567,385604425,"""beginner_tired_collaborative.POMDPx""",,1541545912,2141992,"""3""","""Recovery""","""GlobalSuccess""",False,0,'','',[],'','','','','',[]
1.54154758621165E+018,6912,0,"""MANAGER""",,1541547586,211561115,"""beginner_tired_collaborative.POMDPx""",,0,0,'','','',False,0,'','',[],"""START""",'',"""reactive.pomdpx""",'','',[]
1.54154758724244E+018,6912,0,"""ROBOT""",,1541547587,240442608,'',,1541547587,237830846,"""idle""","""TaskHuman""","""TaskHuman""",True,0,'','',[],'','',"""reactive.pomdpx""","""6""","""5.20875""",[]
1.54154758725197E+018,6912,0,"""HUMAN""",,1541547587,248699846,"""beginner_tired_collaborative.POMDPx""",,1541547587,73674486,"""2""","""TaskHuman""","""TaskHuman""",True,0,'','',[],'','','','','',[]
1.54154758725821E+018,6912,1,"""ROBOT""",,1541547587,257208921,'',,1541547587,237830846,"""idle""","""TaskHuman""","""TaskHuman""",True,0,'','',[],'','',"""reactive.pomdpx""","""0""","""0""",[]
1.54154759076132E+018,6912,1,"""OBSERVATION""",,1541547590,760015221,'',,0,0,'','','',False,0,"""LA","""LA","[True, False, False, False, False, True]","""ONGOING""",'','','','',[]
1.54154759183602E+018,6912,1,"""HUMAN""",,1541547591,833386055,"""beginner_tired_collaborative.POMDPx""",,1541547588,319977142,"""2""","""Tired""","""Tired""",True,0,'','',[],'','','','','',[]
1.54154759184086E+018,6912,2,"""ROBOT""",,1541547591,839866469,'',,1541547591,819535407,"""idle""","""TaskHuman""","""HumanNeedsHelp""",False,0,'','',[],'','',"""reactive.pomdpx""","""0""","""0""",[]
1.54154759541071E+018,6912,2,"""OBSERVATION""",,1541547595,409460771,'',,0,0,'','','',False,0,"""LA","""LA","[True, False, False, False, False, True]","""ONGOING""",'','','','',[]
1.54154759648662E+018,6912,2,"""HUMAN""",,1541547596,484243758,"""beginner_tired_collaborative.POMDPx""",,1541547592,907995375,"""2""","""Recovery""","""Recovery""",True,0,'','',[],'','','','','',[]
1.54154759649236E+018,6912,3,"""ROBOT""",,1541547596,491453297,'',,1541547596,475802551,"""idle""","""TaskHuman""","""HumanNeedsHelp""",False,0,'','',[],'','',"""reactive.pomdpx""","""0""","""0""",[]
1.54154759974406E+018,6912,3,"""OBSERVATION""",,1541547599,742761865,'',,0,0,'','','',False,0,"""LA","""LA","[True, False, False, False, False, True]","""ONGOING""",'','','','',[]
1.54154760081674E+018,6912,3,"""HUMAN""",,1541547600,814544102,"""beginner_tired_collaborative.POMDPx""",,1541547597,555466967,"""2""","""Recovery""","""Recovery""",True,0,'','',[],'','','','','',[]
1.54154760082246E+018,6912,4,"""ROBOT""",,1541547600,821637726,'',,1541547600,806819973,"""idle""","""TaskHuman""","""HumanNeedsHelp""",False,0,'','',[],'','',"""reactive.pomdpx""","""0""","""0""",[]
1.54154760424406E+018,6912,4,"""OBSERVATION""",,1541547604,242827306,'',,0,0,'','','',False,0,"""LA","""LA","[True, False, False, False, False, True]","""ONGOING""",'','','','',[]
1.54154760531633E+018,6912,4,"""HUMAN""",,1541547605,314214271,"""beginner_tired_collaborative.POMDPx""",,1541547601,880266928,"""2""","""Recovery""","""Recovery""",True,0,'','',[],'','','','','',[]
1.54154760532259E+018,6912,5,"""ROBOT""",,1541547605,321608827,'',,1541547605,306482905,"""idle""","""TaskHuman""","""HumanNeedsHelp""",False,0,'','',[],'','',"""reactive.pomdpx""","""0""","""0""",[]
1.54154760844398E+018,6912,5,"""OBSERVATION""",,1541547608,442813866,'',,0,0,'','','',False,0,"""LA","""LA","[False, True, False, False, False, False]","""ONGOING""",'','','','',[]
1.54154761368606E+018,6912,5,"""HUMAN""",,1541547613,683919923,"""beginner_tired_collaborative.POMDPx""",,1541547606,391296921,"""3""","""Recovery""","""Recovery""",True,0,'','',[],'','','','','',[]
1.54154761369146E+018,6912,6,"""ROBOT""",,1541547613,690531987,'',,1541547609,509609726,"""grasp""","""HumanNeedsHelp""","""HumanNeedsHelp""",True,0,'','',[],'','',"""reactive.pomdpx""","""0""","""0""",[]
1.54154761676085E+018,6912,6,"""OBSERVATION""",,1541547616,759449853,'',,0,0,'','','',False,0,"""LA","""LA","[False, True, False, False, False, False]","""ONGOING""",'','','','',[]
1.54154762482726E+018,6912,6,"""SENSORS""",,1541547624,827134681,'',,0,0,'','','',False,0,'','',[],"""SUCCESS""","""robot""",'','','',[]
1.54154764861738E+018,6912,6,"""HUMAN""",,1541547648,614888020,"""beginner_tired_collaborative.POMDPx""",,1541547614,743299434,"""3""","""Recovery""","""Recovery""",True,0,'','',[],'','','','','',[]
1.54154764863657E+018,6912,7,"""HUMAN""",,1541547648,633225932,"""beginner_tired_collaborative.POMDPx""",,1541547614,743299434,"""3""","""Recovery""","""GlobalSuccess""",False,0,'','',[],'','','','','',[]
