rosbagTimestamp,task_id,step_count,who_reports,update_received_time,secs,nsecs,human_expertise,human_mood,human_trust,action_taken_time,secs,nsecs,taken_action,belief_state,real_state,isEstimationCorrect,real_obs_received,obs_with_noise,task_status,who_succeeded,immediate_reward,total_disc_reward
1.50722635954883E+018,1,0,MANAGER,,1507226359,548627813,beginner,stubborn,YES,,0,0,'','','',False,'','',START,'','',''
1.50722636066348E+018,1,0,HUMAN,,1507226360,661894862,beginner,stubborn,YES,,1507226360,412046994,idle,TaskHuman,TaskHuman,True,'','','','','',''
1.50722636078211E+018,1,1,ROBOT,,1507226360,780573590,'','','',,1507226360,780472478,idle,TaskHuman,TaskHuman,True,'','','','','',''
1.50722636217604E+018,1,1,ROBOT,,1507226362,174957806,'','','',,1507226360,780472478,idle,TaskHuman,TaskHuman,True,'','','','',0,0
1.50722636763406E+018,1,1,SENSORS,,1507226367,633874973,'','','',,0,0,'','','',False,'','',SUCCESS,human,'',''
1.50722636986574E+018,1,1,OBSERVATION,,1507226369,864155873,'','','',,0,0,'','','',False,LA (not OV),LA (not OV),SUCCESS,human,'',''
1.50722637113201E+018,1,1,HUMAN,,1507226371,130588974,beginner,stubborn,YES,,1507226363,245072920,grasp,Evaluating,Evaluating,True,'','','','','',''
1.50722637113671E+018,1,2,ROBOT,,1507226371,135489432,'','','',,1507226371,129396057,idle,GlobalSuccess,GlobalSuccess,True,'','','','',6,5.88
1.50722637311517E+018,1,2,OBSERVATION,,1507226373,113632736,'','','',,0,0,'','','',False,LA (not OV),LA (not OV),SUCCESS,human,'',''
1.50722637437205E+018,1,2,HUMAN,,1507226374,370753039,beginner,stubborn,YES,,1507226372,203885313,idle,GlobalSuccess,GlobalSuccess,True,'','','','','',''
1.50722638042107E+018,2,0,MANAGER,,1507226380,417699002,beginner,stubborn,YES,,0,0,'','','',False,'','',START,'','',''
1.50722638131743E+018,2,0,HUMAN,,1507226381,315956852,beginner,stubborn,YES,,1507226381,237220525,idle,TaskHuman,GlobalSuccess,False,'','','','','',''
1.50722638293581E+018,2,1,ROBOT,,1507226382,934543073,'','','',,1507226381,631469898,idle,TaskHuman,TaskHuman,True,'','','','',0,0
1.50722638863236E+018,2,1,SENSORS,,1507226388,632226253,'','','',,0,0,'','','',False,'','',SUCCESS,human,'',''
1.5072263906653E+018,2,1,OBSERVATION,,1507226390,663658129,'','','',,0,0,'','','',False,LA (not OV),LA (not OV),SUCCESS,human,'',''
1.50722639191627E+018,2,1,HUMAN,,1507226391,914506005,beginner,stubborn,YES,,1507226383,999707355,grasp,Evaluating,Evaluating,True,'','','','','',''
1.50722639192093E+018,2,2,ROBOT,,1507226391,919781821,'','','',,1507226391,913165802,idle,GlobalSuccess,GlobalSuccess,True,'','','','',6,5.88
1.50722639403484E+018,2,2,OBSERVATION,,1507226394,31369298,'','','',,0,0,'','','',False,LA (not OV),LA (not OV),SUCCESS,human,'',''
1.50722639529463E+018,2,2,HUMAN,,1507226395,293165307,beginner,stubborn,YES,,1507226393,8025851,idle,GlobalSuccess,GlobalSuccess,True,'','','','','',''
1.50722640197454E+018,3,0,MANAGER,,1507226401,974394564,beginner,stubborn,YES,,0,0,'','','',False,'','',START,'','',''
1.50722640303406E+018,3,0,HUMAN,,1507226403,32538763,beginner,stubborn,YES,,1507226402,858617181,idle,TaskHuman,GlobalSuccess,False,'','','','','',''
1.50722640471288E+018,3,1,ROBOT,,1507226404,711506587,'','','',,1507226403,171612304,idle,TaskHuman,TaskHuman,True,'','','','',0,0
1.50722640709899E+018,3,1,OBSERVATION,,1507226407,97471805,'','','',,0,0,'','','',False,LA (not OV),LA (not OV),ONGOING,'','',''
1.50722640836146E+018,3,1,HUMAN,,1507226408,359526964,beginner,stubborn,YES,,1507226405,771498490,grasp,Evaluating,Evaluating,True,'','','','','',''
1.50722640923776E+018,3,2,ROBOT,,1507226409,236213161,'','','',,1507226408,358418500,idle,MayNotBeCapable,MayNotBeCapable,True,'','','','',0,0
1.50722641121537E+018,3,2,OBSERVATION,,1507226411,213837627,'','','',,0,0,'','','',False,LA (not OV),LA (not OV),ONGOING,'','',''
1.50722641566613E+018,3,2,HUMAN,,1507226415,664872107,beginner,stubborn,YES,,1507226410,309569947,grasp,FailedToGrasp,FailedToGrasp,True,'','','','','',''
1.50722641676606E+018,3,3,ROBOT,,1507226416,764571955,'','','',,1507226412,506003851,planning for grasping,MayNotBeCapable,TaskHuman,False,'','','','',0,0
1.50722642263171E+018,3,3,SENSORS,,1507226422,631529083,'','','',,0,0,'','','',False,'','',SUCCESS,human,'',''
1.5072264241156E+018,3,3,OBSERVATION,,1507226424,113960347,'','','',,0,0,'','','',False,LA (not OV),LA (not OV),SUCCESS,human,'',''
1.50722642538036E+018,3,3,HUMAN,,1507226425,378465696,beginner,stubborn,YES,,1507226417,821677701,grasp,Evaluating,Evaluating,True,'','','','','',''
1.50722642696594E+018,3,4,ROBOT,,1507226426,964523301,'','','',,1507226425,377260872,idle,GlobalSuccess,GlobalSuccess,True,'','','','',6,5.64715
1.50722642894888E+018,3,4,OBSERVATION,,1507226428,947470218,'','','',,0,0,'','','',False,LA (not OV),LA (not OV),SUCCESS,human,'',''
1.50722643421415E+018,3,4,HUMAN,,1507226430,184950116,beginner,stubborn,YES,,1507226428,87881019,idle,GlobalSuccess,GlobalSuccess,True,'','','','','',''
1.50722643909088E+018,4,0,MANAGER,,1507226439,90372413,beginner,stubborn,YES,,0,0,'','','',False,'','',START,'','',''
1.50722644019991E+018,4,0,HUMAN,,1507226440,198766571,beginner,stubborn,YES,,1507226439,967905843,idle,TaskHuman,GlobalSuccess,False,'','','','','',''
1.50722644517378E+018,4,1,ROBOT,,1507226445,172481833,'','','',,1507226440,279801794,idle,TaskHuman,TaskHuman,True,'','','','',0,0
1.50722645063237E+018,4,1,SENSORS,,1507226450,632232786,'','','',,0,0,'','','',False,'','',SUCCESS,human,'',''
1.50722645229883E+018,4,1,OBSERVATION,,1507226452,297470073,'','','',,0,0,'','','',False,LA (not OV),LA (not OV),SUCCESS,human,'',''
1.50722645359888E+018,4,1,HUMAN,,1507226453,597315464,beginner,stubborn,YES,,1507226446,246210103,grasp,Evaluating,Evaluating,True,'','','','','',''
1.50722645579813E+018,4,2,ROBOT,,1507226455,796335889,'','','',,1507226453,596173022,idle,GlobalSuccess,GlobalSuccess,True,'','','','',6,5.88
1.50722645786721E+018,4,2,OBSERVATION,,1507226457,865449861,'','','',,0,0,'','','',False,LA (not OV),LA (not OV),SUCCESS,human,'',''
1.50722645912015E+018,4,2,HUMAN,,1507226459,118913512,beginner,stubborn,YES,,1507226456,906279694,idle,GlobalSuccess,GlobalSuccess,True,'','','','','',''
1.50722646789036E+018,5,0,MANAGER,,1507226467,889471585,beginner,stubborn,YES,,0,0,'','','',False,'','',START,'','',''
1.50722646900008E+018,5,0,HUMAN,,1507226468,998846679,beginner,stubborn,YES,,1507226468,788542904,idle,TaskHuman,GlobalSuccess,False,'','','','','',''
1.50722647002481E+018,5,1,ROBOT,,1507226470,22894560,'','','',,1507226469,127956534,idle,TaskHuman,TaskHuman,True,'','','','',0,0
1.50722647238251E+018,5,1,OBSERVATION,,1507226472,380747899,'','','',,0,0,'','','',False,LA (not OV),LA (not OV),ONGOING,'','',''
1.50722647365645E+018,5,1,HUMAN,,1507226473,655041328,beginner,stubborn,YES,,1507226471,91442285,grasp,Evaluating,Evaluating,True,'','','','','',''
1.50722647415298E+018,5,2,ROBOT,,1507226474,151654654,'','','',,1507226473,654065167,idle,MayNotBeCapable,MayNotBeCapable,True,'','','','',0,0
1.50722647673257E+018,5,2,OBSERVATION,,1507226476,731104704,'','','',,0,0,'','','',False,LA (not OV),LA (not OV),ONGOING,'','',''
1.50722648118469E+018,5,2,HUMAN,,1507226481,183312999,beginner,stubborn,YES,,1507226475,206738706,idle,FailedToGrasp,FailedToGrasp,True,'','','','','',''
1.50722648119283E+018,5,3,ROBOT,,1507226481,191372578,'','','',,1507226478,9583978,planning for grasping,MayNotBeCapable,TaskHuman,False,'','','','',0,0
1.50722648663292E+018,5,3,SENSORS,,1507226486,632766981,'','','',,0,0,'','','',False,'','',SUCCESS,human,'',''
1.50722648834977E+018,5,3,OBSERVATION,,1507226488,348369515,'','','',,0,0,'','','',False,LA (not OV),LA (not OV),SUCCESS,human,'',''
1.50722648964194E+018,5,3,HUMAN,,1507226489,640366071,beginner,stubborn,YES,,1507226482,247862798,grasp,Evaluating,Evaluating,True,'','','','','',''
1.50722648964992E+018,5,4,ROBOT,,1507226489,648679043,'','','',,1507226489,636568420,idle,GlobalSuccess,GlobalSuccess,True,'','','','',6,5.64715
1.50722649171573E+018,5,4,OBSERVATION,,1507226491,714035618,'','','',,0,0,'','','',False,LA (not OV),LA (not OV),SUCCESS,human,'',''
1.50722649300273E+018,5,4,HUMAN,,1507226493,1455106,beginner,stubborn,YES,,1507226490,738649222,idle,GlobalSuccess,GlobalSuccess,True,'','','','','',''
1.50722650487497E+018,6,0,MANAGER,,1507226504,874280964,beginner,stubborn,YES,,0,0,'','','',False,'','',START,'','',''
1.50722650596093E+018,6,0,HUMAN,,1507226505,959257449,beginner,stubborn,YES,,1507226505,770519403,idle,TaskHuman,GlobalSuccess,False,'','','','','',''
1.50722650770517E+018,6,1,ROBOT,,1507226507,703816407,'','','',,1507226506,87809852,idle,TaskHuman,TaskHuman,True,'','','','',0,0
1.50722651363284E+018,6,1,SENSORS,,1507226513,632658757,'','','',,0,0,'','','',False,'','',SUCCESS,human,'',''
1.50722651481532E+018,6,1,OBSERVATION,,1507226514,813784756,'','','',,0,0,'','','',False,LA (not OV),LA (not OV),SUCCESS,human,'',''
1.50722651607187E+018,6,1,HUMAN,,1507226516,70344340,beginner,stubborn,YES,,1507226508,772177225,grasp,Evaluating,Evaluating,True,'','','','','',''
1.507226516077E+018,6,2,ROBOT,,1507226516,75807890,'','','',,1507226516,69208548,idle,GlobalSuccess,GlobalSuccess,True,'','','','',6,5.88
1.50722651809919E+018,6,2,OBSERVATION,,1507226518,97710869,'','','',,0,0,'','','',False,LA (not OV),LA (not OV),SUCCESS,human,'',''
1.50722651932927E+018,6,2,HUMAN,,1507226519,327710434,beginner,stubborn,YES,,1507226517,131394139,idle,GlobalSuccess,GlobalSuccess,True,'','','','','',''
1.5072265265152E+018,7,0,MANAGER,,1507226526,514989655,beginner,thinker,YES,,0,0,'','','',False,'','',START,'','',''
1.50722652765316E+018,7,0,HUMAN,,1507226527,651998833,beginner,thinker,YES,,1507226527,393961004,idle,TaskHuman,GlobalSuccess,False,'','','','','',''
1.50722652955228E+018,7,1,ROBOT,,1507226529,551129264,'','','',,1507226527,707234299,idle,TaskHuman,TaskHuman,True,'','','','',0,0
1.50722653194889E+018,7,1,OBSERVATION,,1507226531,947272632,'','','',,0,0,'','','',False,LA (not OV),LA (not OV),ONGOING,'','',''
1.50722653639995E+018,7,1,HUMAN,,1507226536,398515627,beginner,thinker,YES,,1507226530,615593461,idle,Evaluating,Evaluating,True,'','','','','',''
1.50722653640379E+018,7,2,ROBOT,,1507226536,402874167,'','','',,1507226533,202896824,planning for grasping,TaskHuman,TaskHuman,True,'','','','',0,0
1.5072265426326E+018,7,2,SENSORS,,1507226542,632463839,'','','',,0,0,'','','',False,'','',SUCCESS,human,'',''
1.50722654335102E+018,7,2,OBSERVATION,,1507226543,348037361,'','','',,0,0,'','','',False,LA (not OV),LA (not OV),SUCCESS,human,'',''
1.50722654467353E+018,7,2,HUMAN,,1507226544,672197937,beginner,thinker,YES,,1507226537,467986629,grasp,Evaluating,Evaluating,True,'','','','','',''
1.50722654467818E+018,7,3,ROBOT,,1507226544,676914168,'','','',,1507226544,671077085,idle,GlobalSuccess,GlobalSuccess,True,'','','','',6,5.7624
1.50722654673243E+018,7,3,OBSERVATION,,1507226546,730951159,'','','',,0,0,'','','',False,LA (not OV),LA (not OV),SUCCESS,human,'',''
1.50722654799244E+018,7,3,HUMAN,,1507226547,991063141,beginner,thinker,YES,,1507226545,739292514,idle,GlobalSuccess,GlobalSuccess,True,'','','','','',''
1.50722655492114E+018,8,0,MANAGER,,1507226554,920798347,beginner,stubborn,YES,,0,0,'','','',False,'','',START,'','',''
1.50722655593416E+018,8,0,HUMAN,,1507226555,933214924,beginner,stubborn,YES,,1507226555,808325175,idle,TaskHuman,GlobalSuccess,False,'','','','','',''
1.50722655760824E+018,8,1,ROBOT,,1507226557,607150727,'','','',,1507226556,85441592,idle,TaskHuman,TaskHuman,True,'','','','',0,0
1.50722656363302E+018,8,1,SENSORS,,1507226563,632837197,'','','',,0,0,'','','',False,'','',SUCCESS,human,'',''
1.50722656525063E+018,8,1,OBSERVATION,,1507226565,248972937,'','','',,0,0,'','','',False,LA (not OV),LA (not OV),SUCCESS,human,'',''
1.50722656652566E+018,8,1,HUMAN,,1507226566,524341903,beginner,stubborn,YES,,1507226558,674172204,grasp,Evaluating,Evaluating,True,'','','','','',''
1.50722656653008E+018,8,2,ROBOT,,1507226566,528936405,'','','',,1507226566,523269156,idle,GlobalSuccess,GlobalSuccess,True,'','','','',6,5.88
1.50722658582979E+018,9,0,MANAGER,,1507226585,829640191,beginner,stubborn,YES,,0,0,'','','',False,'','',START,'','',''
1.50722658678588E+018,9,0,HUMAN,,1507226586,783575554,beginner,stubborn,YES,,1507226586,696724859,idle,TaskHuman,GlobalSuccess,False,'','','','','',''
1.50722658764848E+018,9,1,ROBOT,,1507226587,647223496,'','','',,1507226587,29454372,idle,TaskHuman,TaskHuman,True,'','','','',0,0
1.50722658977277E+018,9,1,OBSERVATION,,1507226589,771402888,'','','',,0,0,'','','',False,LA (not OV),LA (not OV),ONGOING,'','',''
1.50722659104496E+018,9,1,HUMAN,,1507226591,43627642,beginner,stubborn,YES,,1507226588,723661072,grasp,Evaluating,Evaluating,True,'','','','','',''
1.50722659358876E+018,9,2,ROBOT,,1507226593,587227857,'','','',,1507226591,42414907,idle,MayNotBeCapable,MayNotBeCapable,True,'','','','',0,0
1.50722659568366E+018,9,2,OBSERVATION,,1507226595,682213159,'','','',,0,0,'','','',False,LA (not OV),LA (not OV),ONGOING,'','',''
1.5072266001188E+018,9,2,HUMAN,,1507226600,117440494,beginner,stubborn,YES,,1507226594,649050811,idle,FailedToGrasp,FailedToGrasp,True,'','','','','',''
1.507226600123E+018,9,3,ROBOT,,1507226600,121947860,'','','',,1507226596,924983524,planning for grasping,MayNotBeCapable,TaskHuman,False,'','','','',0,0
1.50722660255285E+018,9,3,OBSERVATION,,1507226602,551467467,'','','',,0,0,'','','',False,LA (not OV),LA (not OV),ONGOING,'','',''
1.50722660391689E+018,9,3,HUMAN,,1507226603,915611376,beginner,stubborn,YES,,1507226601,192698789,idle,Evaluating,Evaluating,True,'','','','','',''
1.50722661363265E+018,9,4,SENSORS,,1507226613,632429703,'','','',,0,0,'','','',False,'','',SUCCESS,robot,'',''
1.50722661373605E+018,9,4,ROBOT,,1507226613,734963398,'','','',,1507226603,821033941,grasp,NeedsHelp,GlobalSuccess,False,'','','','',6,5.64715
1.50722661814861E+018,9,4,OBSERVATION,,1507226616,80862613,'','','',,0,0,'','','',False,LA (not OV),LA (not OV),SUCCESS,robot,'',''
1.50722661940797E+018,9,4,HUMAN,,1507226619,406592853,beginner,stubborn,YES,,1507226614,831058277,idle,GlobalSuccess,GlobalSuccess,True,'','','','','',''
1.50722662590199E+018,10,0,MANAGER,,1507226625,901618096,beginner,stubborn,YES,,0,0,'','','',False,'','',START,'','',''
1.50722662687017E+018,10,0,HUMAN,,1507226626,868338040,beginner,stubborn,YES,,1507226626,774758124,idle,TaskHuman,GlobalSuccess,False,'','','','','',''
1.50722662805597E+018,10,1,ROBOT,,1507226628,54774302,'','','',,1507226627,106923991,idle,TaskHuman,TaskHuman,True,'','','','',0,0
1.50722663363335E+018,10,1,SENSORS,,1507226633,633160128,'','','',,0,0,'','','',False,'','',SUCCESS,human,'',''
1.50722663563309E+018,10,1,OBSERVATION,,1507226635,631578238,'','','',,0,0,'','','',False,LA (not OV),LA (not OV),SUCCESS,human,'',''
1.50722663687137E+018,10,1,HUMAN,,1507226636,869944758,beginner,stubborn,YES,,1507226629,132990753,grasp,Evaluating,Evaluating,True,'','','','','',''
1.50722663728778E+018,10,2,ROBOT,,1507226637,286703228,'','','',,1507226636,868856259,idle,GlobalSuccess,GlobalSuccess,True,'','','','',6,5.88
1.50722663943282E+018,10,2,OBSERVATION,,1507226639,431427040,'','','',,0,0,'','','',False,LA (not OV),LA (not OV),SUCCESS,human,'',''
1.50722664069751E+018,10,2,HUMAN,,1507226640,695849015,beginner,stubborn,YES,,1507226638,351994793,idle,GlobalSuccess,GlobalSuccess,True,'','','','','',''
1.50722664671016E+018,11,0,MANAGER,,1507226646,710029734,beginner,stubborn,YES,,0,0,'','','',False,'','',START,'','',''
1.50722664773331E+018,11,0,HUMAN,,1507226647,732204957,beginner,stubborn,YES,,1507226647,580531732,idle,TaskHuman,GlobalSuccess,False,'','','','','',''
1.50722664900085E+018,11,1,ROBOT,,1507226648,999642852,'','','',,1507226647,918687459,idle,TaskHuman,TaskHuman,True,'','','','',0,0
1.50722665463412E+018,11,1,SENSORS,,1507226654,634023488,'','','',,0,0,'','','',False,'','',SUCCESS,human,'',''
1.50722665633276E+018,11,1,OBSERVATION,,1507226656,331338744,'','','',,0,0,'','','',False,LA (not OV),LA (not OV),SUCCESS,human,'',''
1.50722665760562E+018,11,1,HUMAN,,1507226657,604265843,beginner,stubborn,YES,,1507226650,75131671,grasp,Evaluating,Evaluating,True,'','','','','',''
1.50722665761046E+018,11,2,ROBOT,,1507226657,609084914,'','','',,1507226657,603188730,idle,GlobalSuccess,GlobalSuccess,True,'','','','',6,5.88
1.50722665943256E+018,11,2,OBSERVATION,,1507226659,431042737,'','','',,0,0,'','','',False,LA (not OV),LA (not OV),SUCCESS,human,'',''
1.50722666071021E+018,11,2,HUMAN,,1507226660,708807237,beginner,stubborn,YES,,1507226658,700769811,idle,GlobalSuccess,GlobalSuccess,True,'','','','','',''
1.50722666715912E+018,12,0,MANAGER,,1507226667,157983581,beginner,stubborn,YES,,0,0,'','','',False,'','',START,'','',''
1.50722666823399E+018,12,0,HUMAN,,1507226668,232882213,beginner,stubborn,YES,,1507226668,64831984,idle,TaskHuman,GlobalSuccess,False,'','','','','',''
1.50722667016873E+018,12,1,ROBOT,,1507226670,167572833,'','','',,1507226668,339354739,idle,TaskHuman,TaskHuman,True,'','','','',0,0
1.50722667563303E+018,12,1,SENSORS,,1507226675,632856602,'','','',,0,0,'','','',False,'','',SUCCESS,human,'',''
1.50722667734963E+018,12,1,OBSERVATION,,1507226677,347980215,'','','',,0,0,'','','',False,LA (not OV),LA (not OV),SUCCESS,human,'',''
1.50722667862811E+018,12,1,HUMAN,,1507226678,626613691,beginner,stubborn,YES,,1507226671,241792841,grasp,Evaluating,Evaluating,True,'','','','','',''
1.50722667863303E+018,12,2,ROBOT,,1507226678,631620609,'','','',,1507226678,625493246,idle,GlobalSuccess,GlobalSuccess,True,'','','','',6,5.88
1.50722668074949E+018,12,2,OBSERVATION,,1507226680,747768735,'','','',,0,0,'','','',False,LA (not OV),LA (not OV),SUCCESS,human,'',''
1.50722668198243E+018,12,2,HUMAN,,1507226681,980860546,beginner,stubborn,YES,,1507226679,702799958,idle,GlobalSuccess,GlobalSuccess,True,'','','','','',''
1.50722668832562E+018,13,0,MANAGER,,1507226688,325448926,beginner,thinker,YES,,0,0,'','','',False,'','',START,'','',''
1.50722668940168E+018,13,0,HUMAN,,1507226689,400062294,beginner,thinker,YES,,1507226689,227579437,idle,TaskHuman,GlobalSuccess,False,'','','','','',''
1.50722669066599E+018,13,1,ROBOT,,1507226690,664784585,'','','',,1507226689,539239878,idle,TaskHuman,TaskHuman,True,'','','','',0,0
1.50722669264994E+018,13,1,OBSERVATION,,1507226692,648507734,'','','',,0,0,'','','',False,LA (not OV),LA (not OV),ONGOING,'','',''
1.50722669705009E+018,13,1,HUMAN,,1507226697,48914514,beginner,thinker,YES,,1507226691,730592341,idle,Evaluating,Evaluating,True,'','','','','',''
1.50722669705385E+018,13,2,ROBOT,,1507226697,52899846,'','','',,1507226693,922885913,planning for grasping,TaskHuman,TaskHuman,True,'','','','',0,0
1.50722669929908E+018,13,2,OBSERVATION,,1507226699,297662713,'','','',,0,0,'','','',False,LA (not OV),LA (not OV),ONGOING,'','',''
1.50722670057852E+018,13,2,HUMAN,,1507226700,577322665,beginner,thinker,YES,,1507226698,113341731,idle,Evaluating,Evaluating,True,'','','','','',''
1.50722670157558E+018,13,3,ROBOT,,1507226701,574589692,'','','',,1507226700,576346932,idle,TaskHuman,TaskHuman,True,'','','','',0,0
1.50722670353569E+018,13,3,OBSERVATION,,1507226703,534238945,'','','',,0,0,'','','',False,LA (not OV),LA (not OV),ONGOING,'','',''
1.5072267051027E+018,13,3,HUMAN,,1507226705,101532477,beginner,thinker,YES,,1507226702,652244893,idle,Evaluating,Evaluating,True,'','','','','',''
1.50722670515337E+018,13,4,ROBOT,,1507226705,151382730,'','','',,1507226704,821489892,planning for grasping,MayBeTired,TaskHuman,False,'','','','',0,0
1.5072267071826E+018,13,4,OBSERVATION,,1507226707,181202168,'','','',,0,0,'','','',False,LA (not OV),LA (not OV),ONGOING,'','',''
1.50722670873328E+018,13,4,HUMAN,,1507226708,731989231,beginner,thinker,YES,,1507226706,213908771,idle,Evaluating,Evaluating,True,'','','','','',''
1.50722670873726E+018,13,5,ROBOT,,1507226708,736233652,'','','',,1507226708,452149586,grasp,NeedsHelp,TaskHuman,False,'','','','',-1,-0.922368
1.50722671121578E+018,13,5,OBSERVATION,,1507226711,214309848,'','','',,0,0,'','','',False,LA (not OV),LA (not OV),ONGOING,'','',''
1.50722671575008E+018,13,5,HUMAN,,1507226715,748846664,beginner,thinker,YES,,1507226709,797795683,idle,Evaluating,Evaluating,True,'','','','','',''
1.5072267205479E+018,13,6,SENSORS,,1507226720,547697335,'','','',,0,0,'','','',False,'','',SUCCESS,robot,'',''
1.50722672054802E+018,13,6,ROBOT,,1507226718,950921954,'','','',,1507226712,509229933,planning for grasping,MayBeTired,GlobalSuccess,False,'','','','',6,4.50116
1.50722672246613E+018,13,6,OBSERVATION,,1507226722,464532616,'','','',,0,0,'','','',False,LA (not OV),LA (not OV),SUCCESS,robot,'',''
1.50722672375686E+018,13,6,HUMAN,,1507226723,755481159,beginner,thinker,YES,,1507226721,607161561,idle,GlobalSuccess,GlobalSuccess,True,'','','','','',''
1.50722673092626E+018,14,0,MANAGER,,1507226730,925629761,beginner,thinker,YES,,0,0,'','','',False,'','',START,'','',''
1.50722673190712E+018,14,0,HUMAN,,1507226731,906121321,beginner,thinker,YES,,1507226731,781282287,idle,TaskHuman,GlobalSuccess,False,'','','','','',''
1.50722673301856E+018,14,1,ROBOT,,1507226733,17310234,'','','',,1507226732,116963529,idle,TaskHuman,TaskHuman,True,'','','','',0,0
1.50722673863322E+018,14,1,SENSORS,,1507226738,633020069,'','','',,0,0,'','','',False,'','',SUCCESS,human,'',''
1.50722674036628E+018,14,1,OBSERVATION,,1507226740,364794609,'','','',,0,0,'','','',False,LA (not OV),LA (not OV),SUCCESS,human,'',''
1.50722674162423E+018,14,1,HUMAN,,1507226741,622788757,beginner,thinker,YES,,1507226734,86499122,grasp,Evaluating,Evaluating,True,'','','','','',''
1.50722674162859E+018,14,2,ROBOT,,1507226741,627457118,'','','',,1507226741,621660007,idle,GlobalSuccess,GlobalSuccess,True,'','','','',6,5.88
1.5072267437164E+018,14,2,OBSERVATION,,1507226743,715008513,'','','',,0,0,'','','',False,LA (not OV),LA (not OV),SUCCESS,human,'',''
1.50722674499082E+018,14,2,HUMAN,,1507226744,989191980,beginner,thinker,YES,,1507226742,681679024,idle,GlobalSuccess,GlobalSuccess,True,'','','','','',''
1.50722675146592E+018,15,0,MANAGER,,1507226751,465194185,beginner,tired,YES,,0,0,'','','',False,'','',START,'','',''
1.50722675243412E+018,15,0,HUMAN,,1507226752,432960263,beginner,tired,YES,,1507226752,351988755,idle,TaskHuman,GlobalSuccess,False,'','','','','',''
1.50722675451376E+018,15,1,ROBOT,,1507226754,511865945,'','','',,1507226752,649929633,idle,TaskHuman,MayBeTired,False,'','','','',0,0
1.50722675809943E+018,15,1,OBSERVATION,,1507226758,98009071,'','','',,0,0,'','','',False,LA (not OV),LA (not OV),ONGOING,'','',''
1.50722676253322E+018,15,1,HUMAN,,1507226762,531776671,beginner,tired,YES,,1507226755,575691222,looking around,Evaluating,Evaluating,True,'','','','','',''
1.50722676254041E+018,15,2,ROBOT,,1507226762,538937628,'','','',,1507226759,400882812,planning for grasping,NoFocus,MayBeTired,False,'','','','',0,0
1.50722676486598E+018,15,2,OBSERVATION,,1507226764,864558549,'','','',,0,0,'','','',False,LA (not OV),LA (not OV),ONGOING,'','',''
1.50722676630097E+018,15,2,HUMAN,,1507226766,299794883,beginner,tired,YES,,1507226763,604162538,looking around,Evaluating,Evaluating,True,'','','','','',''
1.50722676630472E+018,15,3,ROBOT,,1507226766,303833465,'','','',,1507226766,143639970,planning for grasping,NeedsToBeReminded,MayBeTired,False,'','','','',0,0
1.5072267685324E+018,15,3,OBSERVATION,,1507226768,531035933,'','','',,0,0,'','','',False,LA (not OV),LA (not OV),ONGOING,'','',''
1.50722677318684E+018,15,3,HUMAN,,1507226773,184753412,beginner,tired,YES,,1507226767,371655853,looking around,Evaluating,Evaluating,True,'','','','','',''
1.50722677319464E+018,15,4,ROBOT,,1507226773,193449471,'','','',,1507226769,808968875,point to remind,NeedsToBeReminded,MayBeTired,False,'','','','',0,0
1.5072267755001E+018,15,4,OBSERVATION,,1507226775,498776816,'','','',,0,0,'','','',False,LA (not OV),LA (not OV),ONGOING,'','',''
1.5072267838651E+018,15,4,HUMAN,,1507226779,967128147,beginner,tired,YES,,1507226774,268919277,grasp,Evaluating,Evaluating,True,'','','','','',''
1.50722678386511E+018,15,5,SENSORS,,1507226783,864969449,'','','',,0,0,'','','',False,'','',FAIL,'','',''
1.5072267838719E+018,15,5,ROBOT,,1507226783,870704823,'','','',,1507226776,775139572,planning for grasping,NoFocus,NeedsHelp,False,'','','','',0,0
1.50722678586602E+018,15,5,OBSERVATION,,1507226785,864517273,'','','',,0,0,'','','',False,LA (not OV),LA (not OV),FAIL,'','',''
1.50722678728356E+018,15,5,HUMAN,,1507226787,282245482,beginner,tired,YES,,1507226784,931575170,idle,FailedToGrasp,FailedToGrasp,True,'','','','','',''
1.50722678966881E+018,15,6,ROBOT,,1507226789,667609484,'','','',,1507226787,141483592,grasp,GlobalFail,GlobalFail,True,'','','','',-3,-2.71176
1.50722679214999E+018,15,6,OBSERVATION,,1507226792,147736647,'','','',,0,0,'','','',False,LA (not OV),LA (not OV),FAIL,'','',''
1.50722679500965E+018,15,6,HUMAN,,1507226795,8118479,beginner,tired,YES,,1507226790,728976943,idle,GlobalFail,GlobalFail,True,'','','','','',''
1.50722680115705E+018,16,0,MANAGER,,1507226801,152777058,beginner,stubborn,YES,,0,0,'','','',False,'','',START,'','',''
1.50722680663461E+018,16,0,SENSORS,,1507226806,634498845,'','','',,0,0,'','','',False,'','',SUCCESS,human,'',''
1.5072268084334E+018,16,0,OBSERVATION,,1507226808,431771019,'','','',,0,0,'','','',False,LA (not OV),LA (not OV),SUCCESS,human,'',''
1.50722680968293E+018,16,0,HUMAN,,1507226809,681176401,beginner,stubborn,YES,,1507226802,6840607,grasp,TaskHuman,GlobalFail,False,'','','','','',''
1.50722680969159E+018,16,1,ROBOT,,1507226809,690258987,'','','',,1507226809,679600007,idle,GlobalSuccess,TaskHuman,False,'','','','',0,0
1.5072268138829E+018,16,1,OBSERVATION,,1507226813,881209656,'','','',,0,0,'','','',False,LA (not OV),LA (not OV),SUCCESS,human,'',''
1.50722681510299E+018,16,1,HUMAN,,1507226815,101597442,beginner,stubborn,YES,,1507226810,761922849,grasp,Evaluating,Evaluating,True,'','','','','',''
1.50722681560763E+018,16,2,ROBOT,,1507226815,606644293,'','','',,1507226815,100679790,idle,GlobalSuccess,GlobalSuccess,True,'','','','',6,5.7624
1.5072268181499E+018,16,2,OBSERVATION,,1507226818,147929632,'','','',,0,0,'','','',False,LA (not OV),LA (not OV),SUCCESS,human,'',''
1.50722681939664E+018,16,2,HUMAN,,1507226819,395205711,beginner,stubborn,YES,,1507226816,675272847,idle,GlobalSuccess,GlobalSuccess,True,'','','','','',''
1.50722683876403E+018,17,0,MANAGER,,1507226838,763482643,beginner,stubborn,YES,,0,0,'','','',False,'','',START,'','',''
1.50722683983426E+018,17,0,HUMAN,,1507226839,832755607,beginner,stubborn,YES,,1507226839,614720373,idle,TaskHuman,GlobalSuccess,False,'','','','','',''
1.50722684128851E+018,17,1,ROBOT,,1507226841,287208156,'','','',,1507226839,959696880,idle,TaskHuman,TaskHuman,True,'','','','',0,0
1.50722684394949E+018,17,1,OBSERVATION,,1507226843,948039527,'','','',,0,0,'','','',False,LA (not OV),LA (not OV),ONGOING,'','',''
1.50722684838432E+018,17,1,HUMAN,,1507226848,382993719,beginner,stubborn,YES,,1507226842,352899212,idle,Evaluating,Evaluating,True,'','','','','',''
1.5072268483917E+018,17,2,ROBOT,,1507226848,390505489,'','','',,1507226845,262315586,planning for grasping,MayBeTired,TaskHuman,False,'','','','',0,0
1.50722685463715E+018,17,2,SENSORS,,1507226854,637067859,'','','',,0,0,'','','',False,'','',SUCCESS,human,'',''
1.50722685541691E+018,17,2,OBSERVATION,,1507226855,415503168,'','','',,0,0,'','','',False,LA (not OV),LA (not OV),ONGOING,'','',''
1.50722685688466E+018,17,2,HUMAN,,1507226856,883315330,beginner,stubborn,YES,,1507226849,451227613,grasp,Evaluating,Evaluating,True,'','','','','',''
1.50722685688924E+018,17,3,ROBOT,,1507226856,888145963,'','','',,1507226856,679221891,planning for grasping,TaskHuman,GlobalSuccess,False,'','','','',6,5.7624
1.50722685931628E+018,17,3,OBSERVATION,,1507226859,314729612,'','','',,0,0,'','','',False,LA (not OV),LA (not OV),SUCCESS,human,'',''
1.50722686060605E+018,17,3,HUMAN,,1507226860,604531773,beginner,stubborn,YES,,1507226857,959293329,idle,GlobalSuccess,GlobalSuccess,True,'','','','','',''
1.50722686965938E+018,18,0,MANAGER,,1507226869,659186951,beginner,stubborn,YES,,0,0,'','','',False,'','',START,'','',''
1.50722687070171E+018,18,0,HUMAN,,1507226870,700597297,beginner,stubborn,YES,,1507226870,557903801,idle,TaskHuman,GlobalSuccess,False,'','','','','',''
1.50722687154586E+018,18,1,ROBOT,,1507226871,544194426,'','','',,1507226870,831695079,idle,TaskHuman,TaskHuman,True,'','','','',0,0
1.50722687376626E+018,18,1,OBSERVATION,,1507226873,764571736,'','','',,0,0,'','','',False,LA (not OV),LA (not OV),ONGOING,'','',''
1.50722687500745E+018,18,1,HUMAN,,1507226875,6061075,beginner,stubborn,YES,,1507226872,631490184,grasp,Evaluating,Evaluating,True,'','','','','',''
1.50722687568291E+018,18,2,ROBOT,,1507226875,681813855,'','','',,1507226875,5081520,idle,MayNotBeCapable,MayNotBeCapable,True,'','','','',0,0
1.50722687771625E+018,18,2,OBSERVATION,,1507226877,714931342,'','','',,0,0,'','','',False,LA (not OV),LA (not OV),ONGOING,'','',''
1.50722688235033E+018,18,2,HUMAN,,1507226882,348932447,beginner,stubborn,YES,,1507226876,741836856,grasp,FailedToGrasp,FailedToGrasp,True,'','','','','',''
1.50722688236076E+018,18,3,ROBOT,,1507226882,359219928,'','','',,1507226879,22239677,planning for grasping,MayNotBeCapable,TaskHuman,False,'','','','',0,0
1.50722688460071E+018,18,3,OBSERVATION,,1507226884,599363990,'','','',,0,0,'','','',False,LA (not OV),LA (not OV),ONGOING,'','',''
1.50722688598397E+018,18,3,HUMAN,,1507226885,982537882,beginner,stubborn,YES,,1507226883,470382229,grasp,Evaluating,Evaluating,True,'','','','','',''
1.50722688636639E+018,18,4,ROBOT,,1507226886,364993920,'','','',,1507226885,867195944,planning for grasping,MayNotBeCapable,NeedsHelp,False,'','','','',0,0
1.50722688816974E+018,18,4,OBSERVATION,,1507226888,168461454,'','','',,0,0,'','','',False,LA (not OV),LA (not OV),ONGOING,'','',''
1.5072268895502E+018,18,4,HUMAN,,1507226889,548895018,beginner,stubborn,YES,,1507226887,421941907,grasp,FailedToGrasp,FailedToGrasp,True,'','','','','',''
1.50722689029621E+018,18,5,ROBOT,,1507226890,294619554,'','','',,1507226889,445342349,planning for grasping,NoNeedHelp,MayNotBeCapable,False,'','','','',0,0
1.50722689563403E+018,18,5,SENSORS,,1507226895,633896319,'','','',,0,0,'','','',False,'','',SUCCESS,human,'',''
1.50722689716622E+018,18,5,OBSERVATION,,1507226897,164706422,'','','',,0,0,'','','',False,LA (not OV),LA (not OV),SUCCESS,human,'',''
1.50722690199887E+018,18,5,HUMAN,,1507226898,429994614,beginner,stubborn,YES,,1507226891,375083567,grasp,Evaluating,Evaluating,True,'','','','','',''
1.5072269020107E+018,18,6,ROBOT,,1507226902,9131282,'','','',,1507226898,428784607,idle,GlobalSuccess,GlobalSuccess,True,'','','','',6,5.42352
1.50722690469977E+018,18,6,OBSERVATION,,1507226904,698316670,'','','',,0,0,'','','',False,LA (not OV),LA (not OV),SUCCESS,human,'',''
1.5072269059606E+018,18,6,HUMAN,,1507226905,958688750,beginner,stubborn,YES,,1507226903,63013763,idle,GlobalSuccess,GlobalSuccess,True,'','','','','',''
1.50722693474528E+018,19,0,MANAGER,,1507226934,737925422,beginner,stubborn,YES,,0,0,'','','',False,'','',START,'','',''
1.5072269357457E+018,19,0,HUMAN,,1507226935,744644114,beginner,stubborn,YES,,1507226935,606557930,idle,TaskHuman,GlobalSuccess,False,'','','','','',''
1.50722693787207E+018,19,1,ROBOT,,1507226937,871023896,'','','',,1507226935,925499695,idle,TaskHuman,TaskHuman,True,'','','','',0,0
1.50722694363414E+018,19,1,SENSORS,,1507226943,633970181,'','','',,0,0,'','','',False,'','',SUCCESS,human,'',''
1.50722694525052E+018,19,1,OBSERVATION,,1507226945,248549360,'','','',,0,0,'','','',False,LA (not OV),LA (not OV),SUCCESS,human,'',''
1.50722694649998E+018,19,1,HUMAN,,1507226946,498664982,beginner,stubborn,YES,,1507226938,973902528,grasp,Evaluating,Evaluating,True,'','','','','',''
1.50722694650654E+018,19,2,ROBOT,,1507226946,505186390,'','','',,1507226946,497649775,idle,GlobalSuccess,GlobalSuccess,True,'','','','',6,5.88
1.50722694860226E+018,19,2,OBSERVATION,,1507226948,600247840,'','','',,0,0,'','','',False,LA (not OV),LA (not OV),SUCCESS,human,'',''
1.5072269498493E+018,19,2,HUMAN,,1507226949,846565967,beginner,stubborn,YES,,1507226947,609341382,idle,GlobalSuccess,GlobalSuccess,True,'','','','','',''
1.50722698600942E+018,20,0,MANAGER,,1507226986,8744349,beginner,stubborn,YES,,0,0,'','','',False,'','',START,'','',''
1.50722698710116E+018,20,0,HUMAN,,1507226987,99579836,beginner,stubborn,YES,,1507226986,885896687,idle,TaskHuman,GlobalSuccess,False,'','','','','',''
1.50722698852926E+018,20,1,ROBOT,,1507226988,527124506,'','','',,1507226987,183135641,idle,TaskHuman,TaskHuman,True,'','','','',0,0
1.50722699463334E+018,20,1,SENSORS,,1507226994,633237221,'','','',,0,0,'','','',False,'','',SUCCESS,human,'',''
1.50722699536685E+018,20,1,OBSERVATION,,1507226995,365100908,'','','',,0,0,'','','',False,LA (not OV),LA (not OV),SUCCESS,human,'',''
1.50722699660884E+018,20,1,HUMAN,,1507226996,607374003,beginner,stubborn,YES,,1507226989,602951649,grasp,Evaluating,Evaluating,True,'','','','','',''
1.50722699661355E+018,20,2,ROBOT,,1507226996,612162611,'','','',,1507226996,606217531,idle,GlobalSuccess,GlobalSuccess,True,'','','','',6,5.88
1.50722706845409E+018,21,0,MANAGER,,1507227068,453948846,beginner,tired,YES,,0,0,'','','',False,'','',START,'','',''
1.50722706948456E+018,21,0,HUMAN,,1507227069,483448287,beginner,tired,YES,,1507227069,330925050,idle,TaskHuman,Evaluating,False,'','','','','',''
1.5072270705525E+018,21,1,ROBOT,,1507227070,551457454,'','','',,1507227069,669233390,idle,TaskHuman,MayBeTired,False,'','','','',0,0
1.50722707303346E+018,21,1,OBSERVATION,,1507227073,31818920,'','','',,0,0,'','','',False,LA (not OV),LA (not OV),ONGOING,'','',''
1.50722707751831E+018,21,1,HUMAN,,1507227077,516578190,beginner,tired,YES,,1507227071,632514517,grasp,Evaluating,Evaluating,True,'','','','','',''
1.50722707981305E+018,21,2,ROBOT,,1507227079,811773314,'','','',,1507227074,279333779,planning for grasping,MayNotBeCapable,MayNotBeCapable,True,'','','','',0,0
1.50722708198682E+018,21,2,OBSERVATION,,1507227081,984881530,'','','',,0,0,'','','',False,LA (not OV),LA (not OV),ONGOING,'','',''
1.50722708325108E+018,21,2,HUMAN,,1507227083,249713465,beginner,tired,YES,,1507227080,889198161,idle,FailedToGrasp,FailedToGrasp,True,'','','','','',''
1.50722708506755E+018,21,3,ROBOT,,1507227085,65866632,'','','',,1507227083,248794932,idle,TaskHuman,MayBeTired,False,'','','','',0,0
1.50722709063375E+018,21,3,SENSORS,,1507227090,633483372,'','','',,0,0,'','','',False,'','',SUCCESS,human,'',''
1.50722709213401E+018,21,3,OBSERVATION,,1507227092,132470661,'','','',,0,0,'','','',False,LA (not OV),LA (not OV),SUCCESS,human,'',''
1.50722709339488E+018,21,3,HUMAN,,1507227093,393513032,beginner,tired,YES,,1507227086,136655501,grasp,Evaluating,Evaluating,True,'','','','','',''
1.50722709340288E+018,21,4,ROBOT,,1507227093,401657762,'','','',,1507227093,392558580,idle,GlobalSuccess,GlobalSuccess,True,'','','','',6,5.64715
1.50722709586676E+018,21,4,OBSERVATION,,1507227095,865091053,'','','',,0,0,'','','',False,LA (not OV),LA (not OV),SUCCESS,human,'',''
1.50722710091558E+018,21,4,HUMAN,,1507227097,174120031,beginner,tired,YES,,1507227094,521160628,idle,GlobalSuccess,GlobalSuccess,True,'','','','','',''
1.50722710578288E+018,22,0,MANAGER,,1507227105,781541901,beginner,thinker,YES,,0,0,'','','',False,'','',START,'','',''
1.50722710695162E+018,22,0,HUMAN,,1507227106,950379157,beginner,thinker,YES,,1507227106,641575072,idle,TaskHuman,GlobalSuccess,False,'','','','','',''
1.50722710771246E+018,22,1,ROBOT,,1507227107,711408011,'','','',,1507227107,16418582,idle,TaskHuman,TaskHuman,True,'','','','',0,0
1.50722711006653E+018,22,1,OBSERVATION,,1507227110,65095673,'','','',,0,0,'','','',False,LA (not OV),LA (not OV),ONGOING,'','',''
1.50722711463418E+018,22,1,HUMAN,,1507227114,632927923,beginner,thinker,YES,,1507227108,795580891,idle,Evaluating,Evaluating,True,'','','','','',''
1.5072271146428E+018,22,2,ROBOT,,1507227114,641646228,'','','',,1507227111,371355737,planning for grasping,MayBeTired,TaskHuman,False,'','','','',0,0
1.50722711706725E+018,22,2,OBSERVATION,,1507227117,65228197,'','','',,0,0,'','','',False,LA (not OV),LA (not OV),ONGOING,'','',''
1.5072271183478E+018,22,2,HUMAN,,1507227118,346195311,beginner,thinker,YES,,1507227115,693657109,idle,Evaluating,Evaluating,True,'','','','','',''
1.50722712220267E+018,22,3,ROBOT,,1507227122,201414051,'','','',,1507227118,345190741,idle,TaskHuman,TaskHuman,True,'','','','',0,0
1.50722712418411E+018,22,3,OBSERVATION,,1507227124,182709177,'','','',,0,0,'','','',False,LA (not OV),LA (not OV),ONGOING,'','',''
1.50722712563654E+018,22,3,HUMAN,,1507227125,635285781,beginner,thinker,YES,,1507227123,259944951,grasp,Evaluating,Evaluating,True,'','','','','',''
1.50722712837638E+018,22,4,ROBOT,,1507227128,375080177,'','','',,1507227125,462080017,planning for grasping,MayNotBeCapable,NeedsHelp,False,'','','','',0,0
1.50722713063402E+018,22,4,OBSERVATION,,1507227130,632372691,'','','',,0,0,'','','',False,LA (not OV),LA (not OV),ONGOING,'','',''
1.50722713200167E+018,22,4,HUMAN,,1507227132,362884,beginner,thinker,YES,,1507227129,448264727,idle,FailedToGrasp,FailedToGrasp,True,'','','','','',''
1.50722714163367E+018,22,5,SENSORS,,1507227141,633524866,'','','',,0,0,'','','',False,'','',SUCCESS,robot,'',''
1.50722714184738E+018,22,5,ROBOT,,1507227141,846397570,'','','',,1507227131,911347280,grasp,NeedsHelp,GlobalSuccess,False,'','','','',6,5.53421
1.50722714401712E+018,22,5,OBSERVATION,,1507227144,15759930,'','','',,0,0,'','','',False,LA (not OV),LA (not OV),SUCCESS,robot,'',''
1.50722714528941E+018,22,5,HUMAN,,1507227145,288085995,beginner,thinker,YES,,1507227142,891872887,idle,GlobalSuccess,GlobalSuccess,True,'','','','','',''
1.50722718065377E+018,23,0,MANAGER,,1507227180,653486196,beginner,thinker,YES,,0,0,'','','',False,'','',START,'','',''
1.50722718165183E+018,23,0,HUMAN,,1507227181,650705411,beginner,thinker,YES,,1507227181,500168960,idle,TaskHuman,GlobalSuccess,False,'','','','','',''
1.50722718329639E+018,23,1,ROBOT,,1507227183,295203991,'','','',,1507227181,833273903,idle,TaskHuman,TaskHuman,True,'','','','',0,0
1.50722718540034E+018,23,1,OBSERVATION,,1507227185,398672949,'','','',,0,0,'','','',False,LA (not OV),LA (not OV),ONGOING,'','',''
1.50722718985147E+018,23,1,HUMAN,,1507227189,849959486,beginner,thinker,YES,,1507227184,377901399,idle,Evaluating,Evaluating,True,'','','','','',''
1.50722719052597E+018,23,2,ROBOT,,1507227190,524716042,'','','',,1507227186,639593126,planning for grasping,TaskHuman,TaskHuman,True,'','','','',0,0
1.50722719271726E+018,23,2,OBSERVATION,,1507227192,715886909,'','','',,0,0,'','','',False,LA (not OV),LA (not OV),ONGOING,'','',''
1.50722719416826E+018,23,2,HUMAN,,1507227194,166938423,beginner,thinker,YES,,1507227191,597512961,idle,Evaluating,Evaluating,True,'','','','','',''
1.50722719478138E+018,23,3,ROBOT,,1507227194,779540574,'','','',,1507227193,981249152,planning for grasping,TaskHuman,TaskHuman,True,'','','','',0,0
1.5072272006337E+018,23,3,SENSORS,,1507227200,633565863,'','','',,0,0,'','','',False,'','',SUCCESS,human,'',''
1.50722720208416E+018,23,3,OBSERVATION,,1507227202,82881967,'','','',,0,0,'','','',False,LA (not OV),LA (not OV),SUCCESS,human,'',''
1.50722720335558E+018,23,3,HUMAN,,1507227203,354180105,beginner,thinker,YES,,1507227195,851233210,grasp,Evaluating,Evaluating,True,'','','','','',''
1.50722720336257E+018,23,4,ROBOT,,1507227203,360370689,'','','',,1507227203,350147375,idle,GlobalSuccess,GlobalSuccess,True,'','','','',6,5.64715
1.50722720568367E+018,23,4,OBSERVATION,,1507227205,681972924,'','','',,0,0,'','','',False,LA (not OV),LA (not OV),SUCCESS,human,'',''
1.50722720693676E+018,23,4,HUMAN,,1507227206,935310510,beginner,thinker,YES,,1507227204,411238799,idle,GlobalSuccess,GlobalSuccess,True,'','','','','',''
1.50722721960783E+018,24,0,MANAGER,,1507227219,607644234,beginner,stubborn,YES,,0,0,'','','',False,'','',START,'','',''
1.50722722066815E+018,24,0,HUMAN,,1507227220,666832747,beginner,stubborn,YES,,1507227220,509611083,idle,TaskHuman,GlobalSuccess,False,'','','','','',''
1.50722722278418E+018,24,1,ROBOT,,1507227222,783088966,'','','',,1507227220,783381640,idle,TaskHuman,TaskHuman,True,'','','','',0,0
1.5072272249348E+018,24,1,OBSERVATION,,1507227224,933310556,'','','',,0,0,'','','',False,LA (not OV),LA (not OV),ONGOING,'','',''
1.50722722941724E+018,24,1,HUMAN,,1507227229,416118787,beginner,stubborn,YES,,1507227223,879155270,grasp,Evaluating,Evaluating,True,'','','','','',''
1.50722723052595E+018,24,2,ROBOT,,1507227230,524555346,'','','',,1507227226,180272029,planning for grasping,MayNotBeCapable,MayNotBeCapable,True,'','','','',0,0
1.50722723663422E+018,24,2,SENSORS,,1507227236,634094116,'','','',,0,0,'','','',False,'','',SUCCESS,human,'',''
1.50722723751883E+018,24,2,OBSERVATION,,1507227237,517117208,'','','',,0,0,'','','',False,LA (not OV),LA (not OV),SUCCESS,human,'',''
1.50722723881254E+018,24,2,HUMAN,,1507227238,811055374,beginner,stubborn,YES,,1507227231,582235333,grasp,FailedToGrasp,FailedToGrasp,True,'','','','','',''
1.50722723882398E+018,24,3,ROBOT,,1507227238,822675812,'','','',,1507227238,810138043,idle,GlobalSuccess,GlobalSuccess,True,'','','','',6,5.7624
1.50722724086728E+018,24,3,OBSERVATION,,1507227240,865761913,'','','',,0,0,'','','',False,LA (not OV),LA (not OV),SUCCESS,human,'',''
1.50722724212582E+018,24,3,HUMAN,,1507227242,124209478,beginner,stubborn,YES,,1507227239,886171577,idle,GlobalSuccess,GlobalSuccess,True,'','','','','',''
1.50722739009844E+018,25,0,MANAGER,,1507227390,97731071,beginner,tired,YES,,0,0,'','','',False,'','',START,'','',''
1.50722739115202E+018,25,0,HUMAN,,1507227391,150907843,beginner,tired,YES,,1507227390,970290519,idle,TaskHuman,GlobalSuccess,False,'','','','','',''
1.50722739262551E+018,25,1,ROBOT,,1507227392,623619439,'','','',,1507227391,269275264,idle,TaskHuman,MayBeTired,False,'','','','',0,0
1.50722739611854E+018,25,1,OBSERVATION,,1507227396,116609412,'','','',,0,0,'','','',False,LA (not OV),LA (not OV),ONGOING,'','',''
1.50722740070257E+018,25,1,HUMAN,,1507227400,701324812,beginner,tired,YES,,1507227393,688962402,looking around,Evaluating,Evaluating,True,'','','','','',''
1.50722740071021E+018,25,2,ROBOT,,1507227400,708905041,'','','',,1507227397,410801266,planning for grasping,NoFocus,MayBeTired,False,'','','','',0,0
1.50722740283479E+018,25,2,OBSERVATION,,1507227402,833205586,'','','',,0,0,'','','',False,LA (not OV),LA (not OV),ONGOING,'','',''
1.50722740747381E+018,25,2,HUMAN,,1507227407,471912842,beginner,tired,YES,,1507227401,791005758,looking around,Evaluating,Evaluating,True,'','','','','',''
1.5072274074866E+018,25,3,ROBOT,,1507227407,485280712,'','','',,1507227404,103014923,point to remind,NoFocus,MayBeTired,False,'','','','',0,0
1.50722740976846E+018,25,3,OBSERVATION,,1507227409,766726054,'','','',,0,0,'','','',False,LA (not OV),LA (not OV),ONGOING,'','',''
1.50722741420226E+018,25,3,HUMAN,,1507227414,200887206,beginner,tired,YES,,1507227408,542774092,looking around,Evaluating,Evaluating,True,'','','','','',''
1.50722741421155E+018,25,4,ROBOT,,1507227414,209685178,'','','',,1507227411,29164541,planning for grasping,NoFocus,MayBeTired,False,'','','','',0,0
1.50722742241953E+018,25,4,SENSORS,,1507227422,419402204,'','','',,0,0,'','','',False,'','',SUCCESS,human,'',''
1.5072274224856E+018,25,4,OBSERVATION,,1507227422,483951308,'','','',,0,0,'','','',False,LA (not OV),LA (not OV),ONGOING,'','',''
1.50722742395378E+018,25,4,HUMAN,,1507227423,952545668,beginner,tired,YES,,1507227415,287536228,grasp,Evaluating,Evaluating,True,'','','','','',''
1.5072274247531E+018,25,5,ROBOT,,1507227424,751940820,'','','',,1507227423,767610490,grasp,NeedsHelp,GlobalSuccess,False,'','','','',6,5.53421
1.50722742695192E+018,25,5,OBSERVATION,,1507227426,950165661,'','','',,0,0,'','','',False,LA (not OV),LA (not OV),SUCCESS,human,'',''
1.5072274282245E+018,25,5,HUMAN,,1507227428,223191930,beginner,tired,YES,,1507227425,818222649,idle,GlobalSuccess,GlobalSuccess,True,'','','','','',''
1.50722746069293E+018,26,0,MANAGER,,1507227460,692192489,beginner,stubborn,YES,,0,0,'','','',False,'','',START,'','',''
1.50722746172065E+018,26,0,HUMAN,,1507227461,719130078,beginner,stubborn,YES,,1507227461,550532986,idle,TaskHuman,GlobalSuccess,False,'','','','','',''
1.50722746272165E+018,26,1,ROBOT,,1507227462,720339015,'','','',,1507227461,870199301,idle,TaskHuman,TaskHuman,True,'','','','',0,0
1.50722746863571E+018,26,1,SENSORS,,1507227468,635605093,'','','',,0,0,'','','',False,'','',SUCCESS,human,'',''
1.50722747011856E+018,26,1,OBSERVATION,,1507227470,117036552,'','','',,0,0,'','','',False,LA (not OV),LA (not OV),SUCCESS,human,'',''
1.50722747137881E+018,26,1,HUMAN,,1507227471,377365740,beginner,stubborn,YES,,1507227463,776272073,grasp,Evaluating,Evaluating,True,'','','','','',''
1.50722747138625E+018,26,2,ROBOT,,1507227471,385125037,'','','',,1507227471,376520883,idle,GlobalSuccess,GlobalSuccess,True,'','','','',6,5.88
1.50722747342181E+018,26,2,OBSERVATION,,1507227473,420315355,'','','',,0,0,'','','',False,LA (not OV),LA (not OV),SUCCESS,human,'',''
1.50722747422637E+018,26,2,HUMAN,,1507227474,224367895,beginner,stubborn,YES,,1507227472,482916017,idle,GlobalSuccess,GlobalSuccess,True,'','','','','',''
1.50722748051249E+018,27,0,MANAGER,,1507227480,512320582,beginner,stubborn,YES,,0,0,'','','',False,'','',START,'','',''
1.50722748151906E+018,27,0,HUMAN,,1507227481,518034285,beginner,stubborn,YES,,1507227481,409744154,idle,TaskHuman,GlobalSuccess,False,'','','','','',''
1.50722748286552E+018,27,1,ROBOT,,1507227482,864082592,'','','',,1507227481,709526707,idle,TaskHuman,TaskHuman,True,'','','','',0,0
1.50722748863571E+018,27,1,SENSORS,,1507227488,635570081,'','','',,0,0,'','','',False,'','',SUCCESS,human,'',''
1.50722749006825E+018,27,1,OBSERVATION,,1507227490,66798360,'','','',,0,0,'','','',False,LA (not OV),LA (not OV),SUCCESS,human,'',''
1.50722749132754E+018,27,1,HUMAN,,1507227491,326110299,beginner,stubborn,YES,,1507227483,942714741,grasp,Evaluating,Evaluating,True,'','','','','',''
1.50722749133965E+018,27,2,ROBOT,,1507227491,338313307,'','','',,1507227491,322966691,idle,GlobalSuccess,GlobalSuccess,True,'','','','',6,5.88
1.5072274937687E+018,27,2,OBSERVATION,,1507227493,767173663,'','','',,0,0,'','','',False,LA (not OV),LA (not OV),SUCCESS,human,'',''
1.50722749500961E+018,27,2,HUMAN,,1507227495,8092852,beginner,stubborn,YES,,1507227492,392760875,idle,GlobalSuccess,GlobalSuccess,True,'','','','','',''
1.50722750194857E+018,28,0,MANAGER,,1507227501,948270659,beginner,tired,YES,,0,0,'','','',False,'','',START,'','',''
1.50722750308652E+018,28,0,HUMAN,,1507227503,85129767,beginner,tired,YES,,1507227502,834229064,idle,TaskHuman,GlobalSuccess,False,'','','','','',''
1.50722750464175E+018,28,1,ROBOT,,1507227504,640521360,'','','',,1507227503,159071538,idle,TaskHuman,MayBeTired,False,'','','','',0,0
1.50722750787233E+018,28,1,OBSERVATION,,1507227507,870694002,'','','',,0,0,'','','',False,LA (not OV),LA (not OV),ONGOING,'','',''
1.50722751225791E+018,28,1,HUMAN,,1507227512,256479670,beginner,tired,YES,,1507227505,714970788,looking around,Evaluating,Evaluating,True,'','','','','',''
1.50722751292873E+018,28,2,ROBOT,,1507227512,927760492,'','','',,1507227509,127156045,planning for grasping,NoFocus,MayBeTired,False,'','','','',0,0
1.50722751548667E+018,28,2,OBSERVATION,,1507227515,483619151,'','','',,0,0,'','','',False,LA (not OV),LA (not OV),ONGOING,'','',''
1.50722751697239E+018,28,2,HUMAN,,1507227516,971056220,beginner,tired,YES,,1507227513,986768453,walking away,Tired,Tired,True,'','','','','',''
1.50722751898757E+018,28,3,ROBOT,,1507227518,986521054,'','','',,1507227516,761300140,planning for grasping,NoFocus,NeedsHelp,False,'','','','',0,0
1.5072275210352E+018,28,3,OBSERVATION,,1507227521,33765435,'','','',,0,0,'','','',False,LA (not OV),LA (not OV),ONGOING,'','',''
1.50722752248782E+018,28,3,HUMAN,,1507227522,486272344,beginner,tired,YES,,1507227520,60293093,idle,Recovery,Recovery,True,'','','','','',''
1.50722753436746E+018,28,4,SENSORS,,1507227534,367254552,'','','',,0,0,'','','',False,'','',SUCCESS,robot,'',''
1.50722753436754E+018,28,4,ROBOT,,1507227532,384046845,'','','',,1507227522,324121785,grasp,NeedsHelp,GlobalSuccess,False,'','','','',6,5.64715
1.50722753630253E+018,28,4,OBSERVATION,,1507227536,300663414,'','','',,0,0,'','','',False,LA (not OV),LA (not OV),SUCCESS,robot,'',''
1.50722753758868E+018,28,4,HUMAN,,1507227537,587029736,beginner,tired,YES,,1507227535,471093035,idle,GlobalSuccess,GlobalSuccess,True,'','','','','',''
1.50722758029915E+018,29,0,MANAGER,,1507227580,297863295,beginner,stubborn,YES,,0,0,'','','',False,'','',START,'','',''
1.50722758140367E+018,29,0,HUMAN,,1507227581,402208769,beginner,stubborn,YES,,1507227581,167105718,idle,TaskHuman,GlobalSuccess,False,'','','','','',''
1.50722758247327E+018,29,1,ROBOT,,1507227582,472230912,'','','',,1507227581,502146320,idle,TaskHuman,TaskHuman,True,'','','','',0,0
1.50722758461906E+018,29,1,OBSERVATION,,1507227584,617597605,'','','',,0,0,'','','',False,LA (not OV),LA (not OV),ONGOING,'','',''
1.50722758903942E+018,29,1,HUMAN,,1507227589,38168527,beginner,stubborn,YES,,1507227583,557171018,idle,Evaluating,Evaluating,True,'','','','','',''
1.50722759026909E+018,29,2,ROBOT,,1507227590,267548863,'','','',,1507227585,869979802,planning for grasping,TaskHuman,TaskHuman,True,'','','','',0,0
1.50722759663611E+018,29,2,SENSORS,,1507227596,635933534,'','','',,0,0,'','','',False,'','',SUCCESS,human,'',''
1.50722759755293E+018,29,2,OBSERVATION,,1507227597,551267556,'','','',,0,0,'','','',False,LA (not OV),LA (not OV),ONGOING,'','',''
1.50722759882472E+018,29,2,HUMAN,,1507227598,823101722,beginner,stubborn,YES,,1507227591,353912726,grasp,Evaluating,Evaluating,True,'','','','','',''
1.50722759883903E+018,29,3,ROBOT,,1507227598,837572504,'','','',,1507227598,821974253,idle,TaskHuman,GlobalSuccess,False,'','','','',6,5.7624
1.50722760096996E+018,29,3,OBSERVATION,,1507227600,968630330,'','','',,0,0,'','','',False,LA (not OV),LA (not OV),SUCCESS,human,'',''
1.50722760225416E+018,29,3,HUMAN,,1507227602,252700667,beginner,stubborn,YES,,1507227599,897736786,idle,GlobalSuccess,GlobalSuccess,True,'','','','','',''
1.50722761154677E+018,30,0,MANAGER,,1507227611,546617165,beginner,thinker,YES,,0,0,'','','',False,'','',START,'','',''
1.50722761262173E+018,30,0,HUMAN,,1507227612,620140352,beginner,thinker,YES,,1507227612,424048963,idle,TaskHuman,GlobalSuccess,False,'','','','','',''
1.50722761793954E+018,30,1,ROBOT,,1507227617,938370098,'','','',,1507227612,752940253,idle,TaskHuman,TaskHuman,True,'','','','',0,0
1.50722762363587E+018,30,1,SENSORS,,1507227623,635750839,'','','',,0,0,'','','',False,'','',SUCCESS,human,'',''
1.50722762530271E+018,30,1,OBSERVATION,,1507227625,300626261,'','','',,0,0,'','','',False,LA (not OV),LA (not OV),SUCCESS,human,'',''
1.50722762659452E+018,30,1,HUMAN,,1507227626,593199822,beginner,thinker,YES,,1507227619,20554780,grasp,Evaluating,Evaluating,True,'','','','','',''
1.50722762776162E+018,30,2,ROBOT,,1507227627,760444029,'','','',,1507227626,592258468,idle,GlobalSuccess,GlobalSuccess,True,'','','','',6,5.88
1.50722762978613E+018,30,2,OBSERVATION,,1507227629,784654691,'','','',,0,0,'','','',False,LA (not OV),LA (not OV),SUCCESS,human,'',''
1.50722763101498E+018,30,2,HUMAN,,1507227631,13112049,beginner,thinker,YES,,1507227628,814135012,idle,GlobalSuccess,GlobalSuccess,True,'','','','','',''
1.5072276388589E+018,31,0,MANAGER,,1507227638,858175050,beginner,tired,YES,,0,0,'','','',False,'','',START,'','',''
1.50722764200334E+018,31,0,OBSERVATION,,1507227642,2026282,'','','',,0,0,'','','',False,LA (not OV),LA (not OV),ONGOING,'','',''
1.50722764638693E+018,31,0,HUMAN,,1507227646,385639257,beginner,tired,YES,,1507227639,717052032,looking around,TaskHuman,GlobalSuccess,False,'','','','','',''
1.50722764766579E+018,31,1,ROBOT,,1507227647,664181875,'','','',,1507227643,272800283,planning for grasping,NoFocus,MayBeTired,False,'','','','',0,0
1.5072276497194E+018,31,1,OBSERVATION,,1507227649,717755169,'','','',,0,0,'','','',False,LA (not OV),LA (not OV),ONGOING,'','',''
1.50722765115402E+018,31,1,HUMAN,,1507227651,152262056,beginner,tired,YES,,1507227648,757655813,looking around,NoAttention,NoAttention,True,'','','','','',''
1.50722765197764E+018,31,2,ROBOT,,1507227651,976294174,'','','',,1507227651,12437588,planning for grasping,NeedsToBeReminded,MayBeTired,False,'','','','',0,0
1.5072276541202E+018,31,2,OBSERVATION,,1507227654,118623480,'','','',,0,0,'','','',False,LA (not OV),LA (not OV),ONGOING,'','',''
1.50722765548776E+018,31,2,HUMAN,,1507227655,486439254,beginner,tired,YES,,1507227653,34008466,looking around,NoAttention,NoAttention,True,'','','','','',''
1.50722765652184E+018,31,3,ROBOT,,1507227656,520709311,'','','',,1507227655,380393806,planning for grasping,NeedsToBeReminded,MayBeTired,False,'','','','',0,0
1.50722765857278E+018,31,3,OBSERVATION,,1507227658,571353748,'','','',,0,0,'','','',False,LA (not OV),LA (not OV),ONGOING,'','',''
1.50722766324277E+018,31,3,HUMAN,,1507227663,241361760,beginner,tired,YES,,1507227657,591550498,grasp,Evaluating,Evaluating,True,'','','','','',''
1.50722766425822E+018,31,4,ROBOT,,1507227664,256623059,'','','',,1507227659,855878987,point to remind,NeedsToBeReminded,MayNotBeCapable,False,'','','','',0,0
1.50722766681926E+018,31,4,OBSERVATION,,1507227666,817800537,'','','',,0,0,'','','',False,LA (not OV),LA (not OV),ONGOING,'','',''
1.50722767116755E+018,31,4,SENSORS,,1507227671,167443549,'','','',,0,0,'','','',False,'','',FAIL,'','',''
1.50722767135382E+018,31,4,HUMAN,,1507227671,352431454,beginner,tired,YES,,1507227665,324482111,idle,FailedToGrasp,FailedToGrasp,True,'','','','','',''
1.50722767380621E+018,31,5,ROBOT,,1507227673,804807477,'','','',,1507227668,99615749,grasp,NeedsHelp,GlobalFail,False,'','','','',-3,-2.71176
1.50722767738614E+018,31,5,OBSERVATION,,1507227677,384425904,'','','',,0,0,'','','',False,LA (not OV),LA (not OV),FAIL,'','',''
1.50722768062172E+018,31,5,HUMAN,,1507227680,618774177,beginner,tired,YES,,1507227674,902466923,looking around,GlobalFail,GlobalFail,True,'','','','','',''
1.50722768941451E+018,32,0,MANAGER,,1507227689,413827215,beginner,thinker,YES,,0,0,'','','',False,'','',START,'','',''
1.50722769043727E+018,32,0,HUMAN,,1507227690,436212755,beginner,thinker,YES,,1507227690,289751771,idle,TaskHuman,GlobalFail,False,'','','','','',''
1.50722769231381E+018,32,1,ROBOT,,1507227692,312728971,'','','',,1507227690,585778171,idle,TaskHuman,TaskHuman,True,'','','','',0,0
1.50722769448641E+018,32,1,OBSERVATION,,1507227694,484878499,'','','',,0,0,'','','',False,LA (not OV),LA (not OV),ONGOING,'','',''
1.50722769882075E+018,32,1,HUMAN,,1507227698,819524489,beginner,thinker,YES,,1507227693,378083775,idle,Evaluating,Evaluating,True,'','','','','',''
1.50722769882902E+018,32,2,ROBOT,,1507227698,827738504,'','','',,1507227695,733149051,planning for grasping,TaskHuman,TaskHuman,True,'','','','',0,0
1.50722770077013E+018,32,2,OBSERVATION,,1507227700,768686299,'','','',,0,0,'','','',False,LA (not OV),LA (not OV),ONGOING,'','',''
1.5072277020462E+018,32,2,HUMAN,,1507227702,44910047,beginner,thinker,YES,,1507227699,896680498,idle,Evaluating,Evaluating,True,'','','','','',''
1.50722770273168E+018,32,3,ROBOT,,1507227702,729853868,'','','',,1507227702,43785094,idle,TaskHuman,TaskHuman,True,'','','','',0,0
1.50722770523616E+018,32,3,OBSERVATION,,1507227705,234731144,'','','',,0,0,'','','',False,LA (not OV),LA (not OV),ONGOING,'','',''
1.50722770665468E+018,32,3,HUMAN,,1507227706,653477110,beginner,thinker,YES,,1507227703,789158162,idle,Evaluating,Evaluating,True,'','','','','',''
1.50722770767375E+018,32,4,ROBOT,,1507227707,672566551,'','','',,1507227706,517849201,grasp,MayBeTired,WarningReceived,False,'','','','',-3,-2.82358
1.50722771030339E+018,32,4,OBSERVATION,,1507227710,301589410,'','','',,0,0,'','','',False,LA (not OV),LA (not OV),ONGOING,'','',''
1.50722771368714E+018,32,4,HUMAN,,1507227713,685648221,beginner,thinker,YES,,1507227708,741462516,warn the robot,WarningTheRobot,WarningTheRobot,True,'','','','','',''
1.50722771371418E+018,32,5,ROBOT,,1507227713,713061980,'','','',,1507227711,598263797,cancel all actions,WarningReceived,TaskHuman,False,'','','','',-1,-3.74594
1.50722771635279E+018,32,5,OBSERVATION,,1507227716,351399231,'','','',,0,0,'','','',False,LA (not OV),LA (not OV),ONGOING,'','',''
1.50722772188912E+018,32,5,SENSORS,,1507227721,888996406,'','','',,0,0,'','','',False,'','',FAIL,'','',''
1.50722772405356E+018,32,5,HUMAN,,1507227724,52191348,beginner,thinker,YES,,1507227714,785661037,idle,Evaluating,Evaluating,True,'','','','','',''
1.50722772406534E+018,32,6,ROBOT,,1507227724,63853092,'','','',,1507227717,659002798,point to remind,NoNeedHelp,TaskHuman,False,'','','','',-1,-4.64986
1.50722772653648E+018,32,6,OBSERVATION,,1507227726,534640315,'','','',,0,0,'','','',False,LA (not OV),LA (not OV),FAIL,'','',''
1.50722773090543E+018,32,6,HUMAN,,1507227730,903405163,beginner,thinker,YES,,1507227725,129044816,idle,Evaluating,Evaluating,True,'','','','','',''
1.5072277309255E+018,32,7,ROBOT,,1507227730,924387696,'','','',,1507227727,794309422,planning for grasping,GlobalFail,GlobalFail,True,'','','','',-3,-7.30739
1.5072277328049E+018,32,7,OBSERVATION,,1507227732,803513091,'','','',,0,0,'','','',False,LA (not OV),LA (not OV),FAIL,'','',''
1.50722773420438E+018,32,7,HUMAN,,1507227734,203152610,beginner,thinker,YES,,1507227731,985547133,idle,GlobalFail,GlobalFail,True,'','','','','',''
1.50722778454432E+018,33,0,MANAGER,,1507227784,543602261,beginner,tired,YES,,0,0,'','','',False,'','',START,'','',''
1.50722778555517E+018,33,0,HUMAN,,1507227785,554152947,beginner,tired,YES,,1507227785,407224221,idle,TaskHuman,GlobalFail,False,'','','','','',''
1.50722779152298E+018,33,1,ROBOT,,1507227791,521835959,'','','',,1507227785,737439919,idle,TaskHuman,MayBeTired,False,'','','','',0,0
1.50722779550339E+018,33,1,OBSERVATION,,1507227795,502011633,'','','',,0,0,'','','',False,LA (not OV),LA (not OV),ONGOING,'','',''
1.50722779993751E+018,33,1,HUMAN,,1507227799,936255568,beginner,tired,YES,,1507227792,593418307,looking around,Evaluating,Evaluating,True,'','','','','',''
1.50722780253231E+018,33,2,ROBOT,,1507227802,531040545,'','','',,1507227796,767898129,planning for grasping,NoFocus,MayBeTired,False,'','','','',0,0
1.50722780963785E+018,33,2,SENSORS,,1507227809,637737549,'','','',,0,0,'','','',False,'','',SUCCESS,human,'',''
1.50722781118726E+018,33,2,OBSERVATION,,1507227811,185024415,'','','',,0,0,'','','',False,LA (not OV),LA (not OV),SUCCESS,human,'',''
1.50722781245419E+018,33,2,HUMAN,,1507227812,452779606,beginner,tired,YES,,1507227803,596449435,grasp,Evaluating,Evaluating,True,'','','','','',''
1.50722781693507E+018,33,3,ROBOT,,1507227812,680682690,'','','',,1507227812,449744513,idle,GlobalSuccess,GlobalSuccess,True,'','','','',6,5.7624
1.50722781920308E+018,33,3,OBSERVATION,,1507227819,201586541,'','','',,0,0,'','','',False,LA (not OV),LA (not OV),SUCCESS,human,'',''
1.50722782049276E+018,33,3,HUMAN,,1507227820,491111173,beginner,tired,YES,,1507227818,16440601,idle,GlobalSuccess,GlobalSuccess,True,'','','','','',''
1.50722783020109E+018,34,0,MANAGER,,1507227830,195621340,beginner,tired,YES,,0,0,'','','',False,'','',START,'','',''
1.50722783122123E+018,34,0,HUMAN,,1507227831,220140064,beginner,tired,YES,,1507227831,49541293,idle,TaskHuman,GlobalSuccess,False,'','','','','',''
1.50722783309085E+018,34,1,ROBOT,,1507227833,89260902,'','','',,1507227831,362975112,idle,TaskHuman,MayBeTired,False,'','','','',0,0
1.50722783863723E+018,34,1,SENSORS,,1507227838,637063224,'','','',,0,0,'','','',False,'','',SUCCESS,human,'',''
1.50722784005368E+018,34,1,OBSERVATION,,1507227840,52250526,'','','',,0,0,'','','',False,LA (not OV),LA (not OV),SUCCESS,human,'',''
1.50722784129845E+018,34,1,HUMAN,,1507227841,297247004,beginner,tired,YES,,1507227834,163986619,grasp,Evaluating,Evaluating,True,'','','','','',''
1.5072278420182E+018,34,2,ROBOT,,1507227842,16654301,'','','',,1507227841,296377438,idle,GlobalSuccess,GlobalSuccess,True,'','','','',6,5.88
1.50722784418721E+018,34,2,OBSERVATION,,1507227844,185672316,'','','',,0,0,'','','',False,LA (not OV),LA (not OV),SUCCESS,human,'',''
1.50722784542963E+018,34,2,HUMAN,,1507227845,428082747,beginner,tired,YES,,1507227843,86271400,idle,GlobalSuccess,GlobalSuccess,True,'','','','','',''
1.50722785288434E+018,35,0,MANAGER,,1507227852,884095697,beginner,thinker,YES,,0,0,'','','',False,'','',START,'','',''
1.50722785400515E+018,35,0,HUMAN,,1507227854,4120634,beginner,thinker,YES,,1507227853,755451674,idle,TaskHuman,GlobalSuccess,False,'','','','','',''
1.5072278564499E+018,35,1,ROBOT,,1507227856,448787589,'','','',,1507227854,90472500,idle,TaskHuman,TaskHuman,True,'','','','',0,0
1.50722785892035E+018,35,1,OBSERVATION,,1507227858,918697449,'','','',,0,0,'','','',False,LA (not OV),LA (not OV),ONGOING,'','',''
1.50722786332125E+018,35,1,HUMAN,,1507227863,320022985,beginner,thinker,YES,,1507227857,531428441,grasp,Evaluating,Evaluating,True,'','','','','',''
1.5072278639076E+018,35,2,ROBOT,,1507227863,905414957,'','','',,1507227860,177028088,planning for grasping,MayNotBeCapable,MayNotBeCapable,True,'','','','',0,0
1.50722786585335E+018,35,2,OBSERVATION,,1507227865,851727668,'','','',,0,0,'','','',False,LA (not OV),LA (not OV),ONGOING,'','',''
1.50722786730454E+018,35,2,HUMAN,,1507227867,303085820,beginner,thinker,YES,,1507227864,964557520,idle,FailedToGrasp,FailedToGrasp,True,'','','','','',''
1.50722786961728E+018,35,3,ROBOT,,1507227869,615727407,'','','',,1507227867,127291231,planning for grasping,TaskHuman,TaskHuman,True,'','','','',0,0
1.50722787168855E+018,35,3,OBSERVATION,,1507227871,687014169,'','','',,0,0,'','','',False,LA (not OV),LA (not OV),ONGOING,'','',''
1.5072278731879E+018,35,3,HUMAN,,1507227873,186641986,beginner,thinker,YES,,1507227870,677083291,idle,Evaluating,Evaluating,True,'','','','','',''
1.50722788528546E+018,35,4,SENSORS,,1507227885,285303996,'','','',,0,0,'','','',False,'','',SUCCESS,robot,'',''
1.50722788528558E+018,35,4,ROBOT,,1507227883,224664169,'','','',,1507227873,23577571,grasp,TaskHuman,GlobalSuccess,False,'','','','',6,5.64715
1.50722788725392E+018,35,4,OBSERVATION,,1507227887,252053805,'','','',,0,0,'','','',False,LA (not OV),LA (not OV),SUCCESS,robot,'',''
1.50722788851706E+018,35,4,HUMAN,,1507227888,515640833,beginner,thinker,YES,,1507227886,364179080,idle,GlobalSuccess,GlobalSuccess,True,'','','','','',''
1.50722789601729E+018,36,0,MANAGER,,1507227896,17154823,beginner,distracted,YES,,0,0,'','','',False,'','',START,'','',''
1.50722789947021E+018,36,0,OBSERVATION,,1507227899,468684282,'','','',,0,0,'','','',False,LA (not OV),LA (not OV),ONGOING,'','',''
1.50722790073297E+018,36,0,HUMAN,,1507227900,731643202,beginner,distracted,YES,,1507227896,900539460,looking around,TaskHuman,GlobalSuccess,False,'','','','','',''
1.50722790171829E+018,36,1,ROBOT,,1507227901,716997543,'','','',,1507227900,730439670,idle,NoFocus,TaskHuman,False,'','','','',0,0
1.50722790405407E+018,36,1,OBSERVATION,,1507227904,52624085,'','','',,0,0,'','','',False,LA (not OV),LA (not OV),ONGOING,'','',''
1.50722790842344E+018,36,1,HUMAN,,1507227908,422236636,beginner,distracted,YES,,1507227902,789994167,grasp,Evaluating,Evaluating,True,'','','','','',''
1.5072279095261E+018,36,2,ROBOT,,1507227909,524619829,'','','',,1507227905,314067302,planning for grasping,NoFocus,MayNotBeCapable,False,'','','','',0,0
1.50722791274068E+018,36,2,OBSERVATION,,1507227912,739357696,'','','',,0,0,'','','',False,LA (not OV),LA (not OV),ONGOING,'','',''
1.50722791415473E+018,36,2,HUMAN,,1507227914,153208679,beginner,distracted,YES,,1507227910,596239386,looking around,FailedToGrasp,FailedToGrasp,True,'','','','','',''
1.50722791482999E+018,36,3,ROBOT,,1507227914,828800623,'','','',,1507227914,24961434,planning for grasping,MayBeTired,TaskHuman,False,'','','','',0,0
1.50722792163948E+018,36,3,SENSORS,,1507227921,639308735,'','','',,0,0,'','','',False,'','',SUCCESS,human,'',''
1.50722792335457E+018,36,3,OBSERVATION,,1507227923,352944708,'','','',,0,0,'','','',False,LA (not OV),LA (not OV),SUCCESS,human,'',''
1.50722792832256E+018,36,3,HUMAN,,1507227924,619030362,beginner,distracted,YES,,1507227915,900276029,grasp,Evaluating,Evaluating,True,'','','','','',''
1.50722792833106E+018,36,4,ROBOT,,1507227928,329714758,'','','',,1507227924,615604895,idle,GlobalSuccess,GlobalSuccess,True,'','','','',6,5.53421
1.50722793053698E+018,36,4,OBSERVATION,,1507227930,535304170,'','','',,0,0,'','','',False,LA (not OV),LA (not OV),SUCCESS,human,'',''
1.50722793179462E+018,36,4,HUMAN,,1507227931,793076652,beginner,distracted,YES,,1507227929,390752300,idle,GlobalSuccess,GlobalSuccess,True,'','','','','',''
1.50722793844778E+018,37,0,MANAGER,,1507227938,447042195,beginner,tired,YES,,0,0,'','','',False,'','',START,'','',''
1.507227939428E+018,37,0,HUMAN,,1507227939,427127572,beginner,tired,YES,,1507227939,264812988,idle,TaskHuman,GlobalSuccess,False,'','','','','',''
1.50722794110824E+018,37,1,ROBOT,,1507227941,106644896,'','','',,1507227939,644054020,idle,TaskHuman,MayBeTired,False,'','','','',0,0
1.50722794287085E+018,37,1,OBSERVATION,,1507227942,869500756,'','','',,0,0,'','','',False,LA (not OV),LA (not OV),ONGOING,'','',''
1.50722794729022E+018,37,1,HUMAN,,1507227947,288814124,beginner,tired,YES,,1507227942,171057699,idle,Evaluating,Evaluating,True,'','','','','',''
1.50722794802617E+018,37,2,ROBOT,,1507227948,24538408,'','','',,1507227944,125458596,planning for grasping,TaskHuman,MayBeTired,False,'','','','',0,0
1.50722795158694E+018,37,2,OBSERVATION,,1507227951,585343327,'','','',,0,0,'','','',False,LA (not OV),LA (not OV),ONGOING,'','',''
1.50722795304033E+018,37,2,HUMAN,,1507227953,38750337,beginner,tired,YES,,1507227949,93879653,looking around,Evaluating,Evaluating,True,'','','','','',''
1.50722795387158E+018,37,3,ROBOT,,1507227953,870342328,'','','',,1507227952,864693692,planning for grasping,TaskHuman,MayBeTired,False,'','','','',0,0
1.50722795604042E+018,37,3,OBSERVATION,,1507227956,38361022,'','','',,0,0,'','','',False,LA (not OV),LA (not OV),ONGOING,'','',''
1.50722795944024E+018,37,3,HUMAN,,1507227959,439047164,beginner,tired,YES,,1507227954,931579865,grasp,Evaluating,Evaluating,True,'','','','','',''
1.50722796165298E+018,37,4,ROBOT,,1507227961,651766016,'','','',,1507227957,339780993,cancel all actions,WarningReceived,NeedsHelp,False,'','','','',0,0
1.50722796402033E+018,37,4,OBSERVATION,,1507227964,18765465,'','','',,0,0,'','','',False,LA (not OV),LA (not OV),ONGOING,'','',''
1.50722797085334E+018,37,4,HUMAN,,1507227968,473334408,beginner,tired,YES,,1507227962,721929494,idle,FailedToGrasp,FailedToGrasp,True,'','','','','',''
1.50722797085336E+018,37,5,SENSORS,,1507227970,853112819,'','','',,0,0,'','','',False,'','',FAIL,'','',''
1.50722797382197E+018,37,5,ROBOT,,1507227973,820735340,'','','',,1507227965,317846318,grasp,NeedsHelp,GlobalFail,False,'','','','',-3,-2.7671
1.50722797618835E+018,37,5,OBSERVATION,,1507227976,186595664,'','','',,0,0,'','','',False,LA (not OV),LA (not OV),FAIL,'','',''
1.50722797942894E+018,37,5,HUMAN,,1507227979,426895861,beginner,tired,YES,,1507227974,886448638,idle,GlobalFail,GlobalFail,True,'','','','','',''
1.50722798575257E+018,38,0,MANAGER,,1507227985,751748203,beginner,tired,YES,,0,0,'','','',False,'','',START,'','',''
1.50722798673843E+018,38,0,HUMAN,,1507227986,736979597,beginner,tired,YES,,1507227986,602032411,idle,TaskHuman,GlobalFail,False,'','','','','',''
1.50722798837929E+018,38,1,ROBOT,,1507227988,377727012,'','','',,1507227986,957909360,idle,TaskHuman,MayBeTired,False,'','','','',0,0
1.50722799140567E+018,38,1,OBSERVATION,,1507227991,403323857,'','','',,0,0,'','','',False,LA (not OV),LA (not OV),ONGOING,'','',''
1.50722799577171E+018,38,1,HUMAN,,1507227995,770567337,beginner,tired,YES,,1507227989,458267949,looking around,Evaluating,Evaluating,True,'','','','','',''
1.5072279957833E+018,38,2,ROBOT,,1507227995,781906024,'','','',,1507227992,659765999,planning for grasping,NoFocus,MayBeTired,False,'','','','',0,0
1.50722799792056E+018,38,2,OBSERVATION,,1507227997,919020910,'','','',,0,0,'','','',False,LA (not OV),LA (not OV),ONGOING,'','',''
1.5072279993411E+018,38,2,HUMAN,,1507227999,339793594,beginner,tired,YES,,1507227996,861903283,walking away,Tired,Tired,True,'','','','','',''
1.50722800208381E+018,38,3,ROBOT,,1507228002,82650166,'','','',,1507227999,195655971,planning for grasping,NoFocus,NeedsHelp,False,'','','','',0,0
1.5072280043543E+018,38,3,OBSERVATION,,1507228004,352524665,'','','',,0,0,'','','',False,LA (not OV),LA (not OV),ONGOING,'','',''
1.50722800588784E+018,38,3,HUMAN,,1507228005,886574411,beginner,tired,YES,,1507228003,188531057,walking away,Recovery,Recovery,True,'','','','','',''
1.50722801795221E+018,38,4,SENSORS,,1507228017,952107891,'','','',,0,0,'','','',False,'','',SUCCESS,robot,'',''
1.50722801795222E+018,38,4,ROBOT,,1507228017,315700812,'','','',,1507228005,674840637,grasp,NeedsHelp,GlobalSuccess,False,'','','','',6,5.64715
1.50722801987144E+018,38,4,OBSERVATION,,1507228019,869899645,'','','',,0,0,'','','',False,LA (not OV),LA (not OV),SUCCESS,robot,'',''
1.50722802115529E+018,38,4,HUMAN,,1507228021,153478591,beginner,tired,YES,,1507228019,15201104,idle,GlobalSuccess,GlobalSuccess,True,'','','','','',''
1.50722811399026E+018,39,0,MANAGER,,1507228113,989064477,beginner,tired,YES,,0,0,'','','',False,'','',START,'','',''
1.50722811498892E+018,39,0,HUMAN,,1507228114,987901460,beginner,tired,YES,,1507228114,833069325,idle,TaskHuman,FailedToGrasp,False,'','','','','',''
1.50722812117861E+018,39,1,ROBOT,,1507228121,177435387,'','','',,1507228115,188443645,idle,TaskHuman,MayBeTired,False,'','','','',0,0
1.50722812468758E+018,39,1,OBSERVATION,,1507228124,686074404,'','','',,0,0,'','','',False,LA (not OV),LA (not OV),ONGOING,'','',''
1.50722812922183E+018,39,1,HUMAN,,1507228129,220574971,beginner,tired,YES,,1507228122,253649090,looking around,Evaluating,Evaluating,True,'','','','','',''
1.50722812923067E+018,39,2,ROBOT,,1507228129,228965897,'','','',,1507228125,996736436,planning for grasping,NoFocus,MayBeTired,False,'','','','',0,0
1.50722813152109E+018,39,2,OBSERVATION,,1507228131,519754496,'','','',,0,0,'','','',False,LA (not OV),LA (not OV),ONGOING,'','',''
1.50722813292963E+018,39,2,HUMAN,,1507228132,928390870,beginner,tired,YES,,1507228130,301857942,grasp,Evaluating,Evaluating,True,'','','','','',''
1.50722813649053E+018,39,3,ROBOT,,1507228136,489534304,'','','',,1507228132,803504296,planning for grasping,NoNeedHelp,NeedsHelp,False,'','','','',0,0
1.50722813905466E+018,39,3,OBSERVATION,,1507228139,53174507,'','','',,0,0,'','','',False,LA (not OV),LA (not OV),ONGOING,'','',''
1.5072281406069E+018,39,3,HUMAN,,1507228140,604685064,beginner,tired,YES,,1507228137,549512697,idle,FailedToGrasp,FailedToGrasp,True,'','','','','',''
1.50722814194336E+018,39,4,ROBOT,,1507228141,941946021,'','','',,1507228140,379146886,planning for grasping,NeedsHelp,MayBeTired,False,'','','','',0,0
1.50722814653661E+018,39,4,SENSORS,,1507228146,536376890,'','','',,0,0,'','','',False,'','',FAIL,'','',''
1.50722814663835E+018,39,4,OBSERVATION,,1507228146,636180626,'','','',,0,0,'','','',False,LA (not OV),LA (not OV),ONGOING,'','',''
1.50722814814067E+018,39,4,HUMAN,,1507228148,139350657,beginner,tired,YES,,1507228143,51470832,grasp,Evaluating,Evaluating,True,'','','','','',''
1.50722814908244E+018,39,5,ROBOT,,1507228149,81333487,'','','',,1507228147,928299854,grasp,NoFocus,GlobalFail,False,'','','','',-3,-2.7671
1.50722815160485E+018,39,5,OBSERVATION,,1507228151,602987051,'','','',,0,0,'','','',False,LA (not OV),LA (not OV),FAIL,'','',''
1.50722815285172E+018,39,5,HUMAN,,1507228152,850363171,beginner,tired,YES,,1507228150,174663426,idle,GlobalFail,GlobalFail,True,'','','','','',''
1.50722816023391E+018,40,0,MANAGER,,1507228160,233537762,beginner,thinker,YES,,0,0,'','','',False,'','',START,'','',''
1.50722816139837E+018,40,0,HUMAN,,1507228161,397303886,beginner,thinker,YES,,1507228161,134146988,idle,TaskHuman,GlobalFail,False,'','','','','',''
1.50722816340275E+018,40,1,ROBOT,,1507228163,401646902,'','','',,1507228161,424348284,idle,TaskHuman,TaskHuman,True,'','','','',0,0
1.50722816598788E+018,40,1,OBSERVATION,,1507228165,986211268,'','','',,0,0,'','','',False,LA (not OV),LA (not OV),ONGOING,'','',''
1.50722817035626E+018,40,1,HUMAN,,1507228170,354275903,beginner,thinker,YES,,1507228164,481615303,grasp,Evaluating,Evaluating,True,'','','','','',''
1.50722817150338E+018,40,2,ROBOT,,1507228171,501974800,'','','',,1507228167,248619914,planning for grasping,MayNotBeCapable,MayNotBeCapable,True,'','','','',0,0
1.50722817370547E+018,40,2,OBSERVATION,,1507228173,703915527,'','','',,0,0,'','','',False,LA (not OV),LA (not OV),ONGOING,'','',''
1.50722817499527E+018,40,2,HUMAN,,1507228174,993557203,beginner,thinker,YES,,1507228172,582641004,idle,FailedToGrasp,FailedToGrasp,True,'','','','','',''
1.50722817638564E+018,40,3,ROBOT,,1507228176,384135070,'','','',,1507228174,992481354,idle,TaskHuman,TaskHuman,True,'','','','',0,0
1.50722817840504E+018,40,3,OBSERVATION,,1507228178,403607596,'','','',,0,0,'','','',False,LA (not OV),LA (not OV),ONGOING,'','',''
1.50722817988885E+018,40,3,HUMAN,,1507228179,887051031,beginner,thinker,YES,,1507228177,460190501,idle,Evaluating,Evaluating,True,'','','','','',''
1.5072281807564E+018,40,4,ROBOT,,1507228180,754235672,'','','',,1507228179,692206964,planning for grasping,MayBeTired,MayNotBeCapable,False,'','','','',0,0
1.50722818663159E+018,40,4,SENSORS,,1507228186,631442427,'','','',,0,0,'','','',False,'','',SUCCESS,human,'',''
1.50722819254698E+018,40,4,OBSERVATION,,1507228188,383144004,'','','',,0,0,'','','',False,LA (not OV),LA (not OV),SUCCESS,human,'',''
1.50722819382347E+018,40,4,HUMAN,,1507228193,822045497,beginner,thinker,YES,,1507228181,819835415,grasp,Evaluating,Evaluating,True,'','','','','',''
1.50722819382788E+018,40,5,ROBOT,,1507228193,826778324,'','','',,1507228193,820656422,idle,GlobalSuccess,GlobalSuccess,True,'','','','',6,5.53421
1.50722819575432E+018,40,5,OBSERVATION,,1507228195,753040650,'','','',,0,0,'','','',False,LA (not OV),LA (not OV),SUCCESS,human,'',''
1.50722819704202E+018,40,5,HUMAN,,1507228197,40425010,beginner,thinker,YES,,1507228194,897626711,idle,GlobalSuccess,GlobalSuccess,True,'','','','','',''
